5, 18.94, 18.94, 18.94, 18.94, 18.94, 18.94, 18.94, 18.94, 18.94, 18.94, 18.94, 18.94, 18.94, 4.00, 0.00, 0.00, 1.00, 1.00, 1.00
1023 1023 1023 1023 1023 1023 1023 1023 1023 1023 1023 1023 1023 [OK] [loop] Pomiar
2190.70, 18.94, 18.94, 18.94, 18.94, 18.94, 18.94, 18.94, 18.94, 18.94, 18.94, 18.94, 18.94, 18.94, 1.00, 0.00, 0.00, 1.00, 1.00, 1.00
1023 1023 1023 1023 1023 1023 1023 1023 1023 1023 1023 1023 1023 [OK] [loop] Pomiar
2190.95, 18.94, 18.94, 18.94, 18.94, 18.94, 18.94, 18.94, 18.94, 18.94, 18.94, 18.94, 18.94, 18.94, 4.00, 2.00, 0.00, 1.00, 1.00, 1.00
1023 1023 1023 1023 1023 1023 1023 1023 1023 1023 1023 1023 1023 [OK] [loop] Pomiar
2191.21, 18.94, 18.94, 18.94, 18.94, 18.94, 18.94, 18.94, 18.94, 18.94, 18.94, 18.94, 18.94, 18.94, 0.00, 0.00, 0.00, 1.00, 1.00, 1.00
1023 1023 1023 1023 1023 1023 1023 1023 1023 1023 1023 1023 1023 [OK] [loop] Pomiar
2191.46, 18.94, 18.94, 18.94, 18.94, 18.94, 18.94, 18.94, 18.94, 18.94, 18.94, 18.94, 18.94, 18.94, 0.00, 0.00, 0.00, 1.00, 1.00, 1.00
1023 1023 1023 1023 1023 1023 1023 1023 1023 1023 1023 1023 1023 [OK] [loop] Pomiar
2191.71, 18.94, 18.94, 18.94, 18.94, 18.94, 18.94, 18.94, 18.94, 18.94, 18.94, 18.94, 18.94, 18.94, 1.00, 1.00, 0.00, 1.00, 1.00, 1.00
1023 1023 1023 1023 1023 1023 1023 1023 1023 1023 1023 1023 1023 [OK] [loop] Pomiar
2191.97, 18.94, 18.94, 18.94, 18.94, 18.94, 18.94, 18.94, 18.94, 18.94, 18.94, 18.94, 18.94, 18.94, 2.00, 0.00, 0.00, 1.00, 1.00, 1.00
1023 1023 1023 1023 1023 1023 1023 1023 1023 1023 1023 1023 1023 [OK] [loop] Pomiar
2192.22, 18.94, 18.94, 18.94, 18.94, 18.94, 18.94, 18.94, 18.94, 18.94, 18.94, 18.94, 18.94, 18.94, 0.00, 0.00, 0.00, 1.00, 1.00, 1.00
1023 1023 1023 1023 1023 1023 1023 1023 1023 1023 1023 1023 1023 [OK] [loop] Pomiar
2192.47, 18.94, 18.94, 18.94, 18.94, 18.94, 18.94, 18.94, 18.94, 18.94, 18.94, 18.94, 18.94, 18.94, 5.00, 2.00, 0.00, 1.00, 1.00, 1.00
1023 1023 1023 1023 1023 1023 1023 1023 1023 1023 1023 1023 1023 [OK] [loop] Pomiar
2192.73, 18.94, 18.94, 18.94, 18.94, 18.94, 18.94, 18.94, 18.94, 18.94, 18.94, 18.94, 18.94, 18.94, 0.00, 0.00, 0.00, 1.00, 1.00, 1.00
1023 1023 1023 1023 1023 1023 1023 1023 1023 1023 1023 1023 1023 [OK] [loop] Pomiar
2192.98, 18.94, 18.94, 18.94, 18.94, 18.94, 18.94, 18.94, 18.94, 18.94, 18.94, 18.94, 18.94, 18.94, 0.00, 0.00, 0.00, 1.00, 1.00, 1.00
1023 1023 1023 1023 1023 1023 1023 1023 1023 1023 1023 1023 1023 [OK] [loop] Pomiar
2193.23, 18.94, 18.94, 18.94, 18.94, 18.94, 18.94, 18.94, 18.94, 18.94, 18.94, 18.94, 18.94, 18.94, 4.00, 2.00, 0.00, 1.00, 1.00, 1.00
1023 1023 1023 1023 1023 1023 1023 1023 1023 1023 1023 1023 1023 [OK] [loop] Pomiar
2193.49, 18.94, 18.94, 18.94, 18.94, 18.94, 18.94, 18.94, 18.94, 18.94, 18.94, 18.94, 18.94, 18.94, 0.00, 0.00, 0.00, 1.00, 1.00, 1.00
1023 1023 1023 1023 1023 1023 1023 1023 1023 1023 1023 1023 1023 [OK] [loop] Pomiar
2193.74, 18.94, 18.94, 18.94, 18.94, 18.94, 18.94, 18.94, 18.94, 18.94, 18.94, 18.94, 18.94, 18.94, 2.00, 0.00, 0.00, 1.00, 1.00, 1.00
1023 1023 1023 1023 1023 1023 1023 1023 1023 1023 1023 1023 1023 [OK] [loop] Pomiar
2193.99, 18.94, 18.94, 18.94, 18.94, 18.94, 18.94, 18.94, 18.94, 18.94, 18.94, 18.94, 18.94, 18.94, 2.00, 0.00, 0.00, 1.00, 1.00, 1.00
1023 1023 1023 1023 1023 1023 1023 1023 1023 1023 1023 1023 1023 [OK] [loop] Pomiar
2194.25, 18.94, 18.94, 18.94, 18.94, 18.94, 18.94, 18.94, 18.94, 18.94, 18.94, 18.94, 18.94, 18.94, 0.00, 0.00, 0.00, 1.00, 1.00, 1.00
1023 1023 1023 1023 1023 1023 1023 1023 1023 1023 1023 1023 1023 [OK] [loop] Pomiar
2194.50, 18.94, 18.94, 18.94, 18.94, 18.94, 18.94, 18.94, 18.94, 18.94, 18.94, 18.94, 18.94, 18.94, 0.00, 0.00, 0.00, 1.00, 1.00, 1.00
1023 1023 1023 1023 1023 1023 1023 1023 1023 1023 1023 1023 1023 [OK] [loop] Pomiar
2194.75, 18.94, 18.94, 18.94, 18.94, 18.94, 18.94, 18.94, 18.94, 18.94, 18.94, 18.94, 18.94, 18.94, 1.00, 0.00, 0.00, 1.00, 1.00, 1.00
1023 1023 1023 1023 1023 1023 1023 1023 1023 1023 1023 1023 1023 [OK] [loop] Pomiar
2195.01, 18.94, 18.94, 18.94, 18.94, 18.94, 18.94, 18.94, 18.94, 18.94, 18.94, 18.94, 18.94, 18.94, 1.00, 0.00, 0.00, 1.00, 1.00, 1.00
1023 1023 1023 1023 1023 1023 1023 1023 1023 1023 1023 1023 1023 [OK] [loop] Pomiar
2195.26, 18.94, 18.94, 18.94, 18.94, 18.94, 18.94, 18.94, 18.94, 18.94, 18.94, 18.94, 18.94, 18.94, 1.00, 0.00, 0.00, 1.00, 1.00, 1.00
1023 1023 1023 1023 1023 1023 1023 1023 1023 1023 1023 1023 1023 [OK] [loop] Pomiar
2195.51, 18.94, 18.94, 18.94, 18.94, 18.94, 18.94, 18.94, 18.94, 18.94, 18.94, 18.94, 18.94, 18.94, 3.00, 0.00, 0.00, 1.00, 1.00, 1.00
1023 1023 1023 1023 1023 1023 1023 1023 1023 1023 1023 1023 1023 [OK] [loop] Pomiar
2195.77, 18.94, 18.94, 18.94, 18.94, 18.94, 18.94, 18.94, 18.94, 18.94, 18.94, 18.94, 18.94, 18.94, 1.00, 0.00, 0.00, 1.00, 1.00, 1.00
1023 1023 1023 1023 1023 1023 1023 1023 1023 1023 1023 1023 1023 [OK] [loop] Pomiar
2196.02, 18.94, 18.94, 18.94, 18.94, 18.94, 18.94, 18.94, 18.94, 18.94, 18.94, 18.94, 18.94, 18.94, 1.00, 0.00, 0.00, 1.00, 1.00, 1.00
1023 1023 1023 1023 1023 1023 1023 1023 1023 1023 1023 1023 1023 [OK] [loop] Pomiar
2196.27, 18.94, 18.94, 18.94, 18.94, 18.94, 18.94, 18.94, 18.94, 18.94, 18.94, 18.94, 18.94, 18.94, 1.00, 0.00, 0.00, 1.00, 1.00, 1.00
1023 1023 1023 1023 1023 1023 1023 1023 1023 1023 1023 1023 1023 [OK] [loop] Pomiar
2196.53, 18.94, 18.94, 18.94, 18.94, 18.94, 18.94, 18.94, 18.94, 18.94, 18.94, 18.94, 18.94, 18.94, 2.00, 0.00, 0.00, 1.00, 1.00, 1.00
1023 1023 1023 1023 1023 1023 1023 1023 1023 1023 1023 1023 1023 [OK] [loop] Pomiar
2196.78, 18.94, 18.94, 18.94, 18.94, 18.94, 18.94, 18.94, 18.94, 18.94, 18.94, 18.94, 18.94, 18.94, 2.00, 0.00, 0.00, 1.00, 1.00, 1.00
1023 1023 1023 1023 1023 1023 1023 1023 1023 1023 1023 1023 1023 [OK] [loop] Pomiar
2197.03, 18.94, 18.94, 18.94, 18.94, 18.94, 18.94, 18.94, 18.94, 18.94, 18.94, 18.94, 18.94, 18.94, 3.00, 0.00, 0.00, 1.00, 1.00, 1.00
1023 1023 1023 1023 1023 1023 1023 1023 1023 1023 1023 1023 1023 [OK] [loop] Pomiar
2197.28, 18.94, 18.94, 18.94, 18.94, 18.94, 18.94, 18.94, 18.94, 18.94, 18.94, 18.94, 18.94, 18.94, 2.00, 0.00, 0.00, 1.00, 1.00, 1.00
1023 1023 1023 1023 1023 1023 1023 1023 1023 1023 1023 1023 1023 [OK] [loop] Pomiar
2197.54, 18.94, 18.94, 18.94, 18.94, 18.94, 18.94, 18.94, 18.94, 18.94, 18.94, 18.94, 18.94, 18.94, 1.00, 0.00, 0.00, 1.00, 1.00, 1.00
1023 1023 1023 1023 1023 1023 1023 1023 1023 1023 1023 1023 1023 [OK] [loop] Pomiar
2197.79, 18.94, 18.94, 18.94, 18.94, 18.94, 18.94, 18.94, 18.94, 18.94, 18.94, 18.94, 18.94, 18.94, 1.00, 1.00, 0.00, 1.00, 1.00, 1.00
1023 1023 1023 1023 1023 1023 1023 1023 1023 1023 1023 1023 1023 [OK] [loop] Pomiar
2198.04, 18.94, 18.94, 18.94, 18.94, 18.94, 18.94, 18.94, 18.94, 18.94, 18.94, 18.94, 18.94, 18.94, 2.00, 0.00, 0.00, 1.00, 1.00, 1.00
1023 1023 1023 1023 1023 1023 1023 1023 1023 1023 1023 1023 1023 [OK] [loop] Pomiar
2198.30, 18.94, 18.94, 18.94, 18.94, 18.94, 18.94, 18.94, 18.94, 18.94, 18.94, 18.94, 18.94, 18.94, 2.00, 0.00, 0.00, 1.00, 1.00, 1.00
1023 1023 1023 1023 1023 1023 1023 1023 1023 1023 1023 1023 1023 [OK] [loop] Pomiar
2198.55, 18.94, 18.94, 18.94, 18.94, 18.94, 18.94, 18.94, 18.94, 18.94, 18.94, 18.94, 18.94, 18.94, 2.00, 0.00, 0.00, 1.00, 1.00, 1.00
1023 1023 1023 1023 1023 1023 1023 1023 1023 1023 1023 1023 1023 [OK] [loop] Pomiar
2198.80, 18.94, 18.94, 18.94, 18.94, 18.94, 18.94, 18.94, 18.94, 18.94, 18.94, 18.94, 18.94, 18.94, 1.00, 0.00, 0.00, 1.00, 1.00, 1.00
1023 1023 1023 1023 1023 1023 1023 1023 1023 1023 1023 1023 1023 [OK] [loop] Pomiar
2199.06, 18.94, 18.94, 18.94, 18.94, 18.94, 18.94, 18.94, 18.94, 18.94, 18.94, 18.94, 18.94, 18.94, 1.00, 0.00, 0.00, 1.00, 1.00, 1.00
1023 1023 1023 1023 1023 1023 1023 1023 1023 1023 1023 1023 1023 [OK] [loop] Pomiar
2199.31, 18.94, 18.94, 18.94, 18.94, 18.94, 18.94, 18.94, 18.94, 18.94, 18.94, 18.94, 18.94, 18.94, 2.00, 0.00, 0.00, 1.00, 1.00, 1.00
1023 1023 1023 1023 1023 1023 1023 1023 1023 1023 1023 1023 1023 [OK] [loop] Pomiar
2199.56, 18.94, 18.94, 18.94, 18.94, 18.94, 18.94, 18.94, 18.94, 18.94, 18.94, 18.94, 18.94, 18.94, 0.00, 0.00, 0.00, 1.00, 1.00, 1.00
1023 1023 1023 1023 1023 1023 1023 1023 1023 1023 1023 1023 1023 [OK] [loop] Pomiar
2199.82, 18.94, 18.94, 18.94, 18.94, 18.94, 18.94, 18.94, 18.94, 18.94, 18.94, 18.94, 18.94, 18.94, 2.00, 1.00, 0.00, 1.00, 1.00, 1.00
1023 1023 1023 1023 1023 1023 1023 1023 1023 1023 1023 1023 1023 [OK] [loop] Pomiar
2200.07, 18.94, 18.94, 18.94, 18.94, 18.94, 18.94, 18.94, 18.94, 18.94, 18.94, 18.94, 18.94, 18.94, 0.00, 0.00, 0.00, 1.00, 1.00, 1.00
1023 1023 1023 1023 1023 1023 1023 1023 1023 1023 1023 1023 1023 [OK] [loop] Pomiar
2200.32, 18.94, 18.94, 18.94, 18.94, 18.94, 18.94, 18.94, 18.94, 18.94, 18.94, 18.94, 18.94, 18.94, 2.00, 0.00, 0.00, 1.00, 1.00, 1.00
1023 1023 1023 1023 1023 1023 1023 1023 1023 1023 1023 1023 1023 [OK] [loop] Pomiar
2200.58, 18.94, 18.94, 18.94, 18.94, 18.94, 18.94, 18.94, 18.94, 18.94, 18.94, 18.94, 18.94, 18.94, 2.00, 0.00, 0.00, 1.00, 1.00, 1.00
1023 1023 1023 1023 1023 1023 1023 1023 1023 1023 1023 1023 1023 [OK] [loop] Pomiar
2200.83, 18.94, 18.94, 18.94, 18.94, 18.94, 18.94, 18.94, 18.94, 18.94, 18.94, 18.94, 18.94, 18.94, 2.00, 2.00, 0.00, 1.00, 1.00, 1.00
1023 1023 1023 1023 1023 1023 1023 1023 1023 1023 1023 1023 1023 [OK] [loop] Pomiar
2201.08, 18.94, 18.94, 18.94, 18.94, 18.94, 18.94, 18.94, 18.94, 18.94, 18.94, 18.94, 18.94, 18.94, 2.00, 0.00, 0.00, 1.00, 1.00, 1.00
1023 1023 1023 1023 1023 1023 1023 1023 1023 1023 1023 1023 1023 [OK] [loop] Pomiar
2201.34, 18.94, 18.94, 18.94, 18.94, 18.94, 18.94, 18.94, 18.94, 18.94, 18.94, 18.94, 18.94, 18.94, 1.00, 0.00, 0.00, 1.00, 1.00, 1.00
1023 1023 1023 1023 1023 1023 1023 1023 1023 1023 1023 1023 1023 [OK] [loop] Pomiar
2201.59, 18.94, 18.94, 18.94, 18.94, 18.94, 18.94, 18.94, 18.94, 18.94, 18.94, 18.94, 18.94, 18.94, 4.00, 0.00, 0.00, 1.00, 1.00, 1.00
1023 1023 1023 1023 1023 1023 1023 1023 1023 1023 1023 1023 1023 [OK] [loop] Pomiar
2201.84, 18.94, 18.94, 18.94, 18.94, 18.94, 18.94, 18.94, 18.94, 18.94, 18.94, 18.94, 18.94, 18.94, 2.00, 0.00, 0.00, 1.00, 1.00, 1.00
1023 1023 1023 1023 1023 1023 1023 1023 1023 1023 1023 1023 1023 [OK] [loop] Pomiar
2202.10, 18.94, 18.94, 18.94, 18.94, 18.94, 18.94, 18.94, 18.94, 18.94, 18.94, 18.94, 18.94, 18.94, 0.00, 1.00, 0.00, 1.00, 1.00, 1.00
1023 1023 1023 1023 1023 1023 1023 1023 1023 1023 1023 1023 1023 [OK] [loop] Pomiar
2202.35, 18.94, 18.94, 18.94, 18.94, 18.94, 18.94, 18.94, 18.94, 18.94, 18.94, 18.94, 18.94, 18.94, 2.00, 1.00, 0.00, 1.00, 1.00, 1.00
1023 1023 1023 1023 1023 1023 1023 1023 1023 1023 1023 1023 1023 [OK] [loop] Pomiar
2202.60, 18.94, 18.94, 18.94, 18.94, 18.94, 18.94, 18.94, 18.94, 18.94, 18.94, 18.94, 18.94, 18.94, 2.00, 0.00, 0.00, 1.00, 1.00, 1.00
1023 1023 1023 1023 1023 1023 1023 1023 1023 1023 1023 1023 1023 [OK] [loop] Pomiar
2202.86, 18.94, 18.94, 18.94, 18.94, 18.94, 18.94, 18.94, 18.94, 18.94, 18.94, 18.94, 18.94, 18.94, 3.00, 1.00, 0.00, 1.00, 1.00, 1.00
1023 1023 1023 1023 1023 1023 1023 1023 1023 1023 1023 1023 1023 [OK] [loop] Pomiar
2203.11, 18.94, 18.94, 18.94, 18.94, 18.94, 18.94, 18.94, 18.94, 18.94, 18.94, 18.94, 18.94, 18.94, 2.00, 0.00, 0.00, 1.00, 1.00, 1.00
1023 1023 1023 1023 1023 1023 1023 1023 1023 1023 1023 1023 1023 [OK] [loop] Pomiar
2203.36, 18.94, 18.94, 18.94, 18.94, 18.94, 18.94, 18.94, 18.94, 18.94, 18.94, 18.94, 18.94, 18.94, 2.00, 0.00, 0.00, 1.00, 1.00, 1.00
1023 1023 1023 1023 1023 1023 1023 1023 1023 1023 1023 1023 1023 [OK] [loop] Pomiar
2203.62, 18.94, 18.94, 18.94, 18.94, 18.94, 18.94, 18.94, 18.94, 18.94, 18.94, 18.94, 18.94, 18.94, 1.00, 0.00, 0.00, 1.00, 1.00, 1.00
1023 1023 1023 1023 1023 1023 1023 1023 1023 1023 1023 1023 1023 [OK] [loop] Pomiar
2203.87, 18.94, 18.94, 18.94, 18.94, 18.94, 18.94, 18.94, 18.94, 18.94, 18.94, 18.94, 18.94, 18.94, 1.00, 0.00, 0.00, 1.00, 1.00, 1.00
1023 1023 1023 1023 1023 1023 1023 1023 1023 1023 1023 1023 1023 [OK] [loop] Pomiar
2204.12, 18.94, 18.94, 18.94, 18.94, 18.94, 18.94, 18.94, 18.94, 18.94, 18.94, 18.94, 18.94, 18.94, 2.00, 0.00, 0.00, 1.00, 1.00, 1.00
1023 1023 1023 1023 1023 1023 1023 1023 1023 1023 1023 1023 1023 [OK] [loop] Pomiar
2204.38, 18.94, 18.94, 18.94, 18.94, 18.94, 18.94, 18.94, 18.94, 18.94, 18.94, 18.94, 18.94, 18.94, 3.00, 1.00, 0.00, 1.00, 1.00, 1.00
1023 1023 1023 1023 1023 1023 1023 1023 1023 1023 1023 1023 1023 [OK] [loop] Pomiar
2204.63, 18.94, 18.94, 18.94, 18.94, 18.94, 18.94, 18.94, 18.94, 18.94, 18.94, 18.94, 18.94, 18.94, 2.00, 0.00, 0.00, 1.00, 1.00, 1.00
1023 1023 1023 1023 1023 1023 1023 1023 1023 1023 1023 1023 1023 [OK] [loop] Pomiar
2204.88, 18.94, 18.94, 18.94, 18.94, 18.94, 18.94, 18.94, 18.94, 18.94, 18.94, 18.94, 18.94, 18.94, 2.00, 0.00, 0.00, 1.00, 1.00, 1.00
1023 1023 1023 1023 1023 1023 1023 1023 1023 1023 1023 1023 1023 [OK] [loop] Pomiar
2205.14, 18.94, 18.94, 18.94, 18.94, 18.94, 18.94, 18.94, 18.94, 18.94, 18.94, 18.94, 18.94, 18.94, 4.00, 1.00, 0.00, 1.00, 1.00, 1.00
1023 1023 1023 1023 1023 1023 1023 1023 1023 1023 1023 1023 1023 [OK] [loop] Pomiar
2205.39, 18.94, 18.94, 18.94, 18.94, 18.94, 18.94, 18.94, 18.94, 18.94, 18.94, 18.94, 18.94, 18.94, 2.00, 0.00, 0.00, 1.00, 1.00, 1.00
1023 1023 1023 1023 1023 1023 1023 1023 1023 1023 1023 1023 1023 [OK] [loop] Pomiar
2205.64, 18.94, 18.94, 18.94, 18.94, 18.94, 18.94, 18.94, 18.94, 18.94, 18.94, 18.94, 18.94, 18.94, 1.00, 0.00, 0.00, 1.00, 1.00, 1.00
1023 1023 1023 1023 1023 1023 1023 1023 1023 1023 1023 1023 1023 [OK] [loop] Pomiar
2205.90, 18.94, 18.94, 18.94, 18.94, 18.94, 18.94, 18.94, 18.94, 18.94, 18.94, 18.94, 18.94, 18.94, 3.00, 2.00, 0.00, 1.00, 1.00, 1.00
1023 1023 1023 1023 1023 1023 1023 1023 1023 1023 1023 1023 1023 [OK] [loop] Pomiar
2206.15, 18.94, 18.94, 18.94, 18.94, 18.94, 18.94, 18.94, 18.94, 18.94, 18.94, 18.94, 18.94, 18.94, 2.00, 1.00, 0.00, 1.00, 1.00, 1.00
1023 1023 1023 1023 1023 1023 1023 1023 1023 1023 1023 1023 1023 [OK] [loop] Pomiar
2206.40, 18.94, 18.94, 18.94, 18.94, 18.94, 18.94, 18.94, 18.94, 18.94, 18.94, 18.94, 18.94, 18.94, 2.00, 0.00, 0.00, 1.00, 1.00, 1.00
1023 1023 1023 1023 1023 1023 1023 1023 1023 1023 1023 1023 1023 [OK] [loop] Pomiar
2206.66, 18.94, 18.94, 18.94, 18.94, 18.94, 18.94, 18.94, 18.94, 18.94, 18.94, 18.94, 18.94, 18.94, 2.00, 0.00, 0.00, 1.00, 1.00, 1.00
1023 1023 1023 1023 1023 1023 1023 1023 1023 1023 1023 1023 1023 [OK] [loop] Pomiar
2206.91, 18.94, 18.94, 18.94, 18.94, 18.94, 18.94, 18.94, 18.94, 18.94, 18.94, 18.94, 18.94, 18.94, 1.00, 0.00, 0.00, 1.00, 1.00, 1.00
1023 1023 1023 1023 1023 1023 1023 1023 1023 1023 1023 1023 1023 [OK] [loop] Pomiar
2207.16, 18.94, 18.94, 18.94, 18.94, 18.94, 18.94, 18.94, 18.94, 18.94, 18.94, 18.94, 18.94, 18.94, 1.00, 0.00, 0.00, 1.00, 1.00, 1.00
1023 1023 1023 1023 1023 1023 1023 1023 1023 1023 1023 1023 1023 [OK] [loop] Pomiar
2207.42, 18.94, 18.94, 18.94, 18.94, 18.94, 18.94, 18.94, 18.94, 18.94, 18.94, 18.94, 18.94, 18.94, 2.00, 0.00, 0.00, 1.00, 1.00, 1.00
1023 1023 1023 1023 1023 1023 1023 1023 1023 1023 1023 1023 1023 [OK] [loop] Pomiar
2207.67, 18.94, 18.94, 18.94, 18.94, 18.94, 18.94, 18.94, 18.94, 18.94, 18.94, 18.94, 18.94, 18.94, 2.00, 0.00, 0.00, 1.00, 1.00, 1.00
1023 1023 1023 1023 1023 1023 1023 1023 1023 1023 1023 1023 1023 [OK] [loop] Pomiar
2207.92, 18.94, 18.94, 18.94, 18.94, 18.94, 18.94, 18.94, 18.94, 18.94, 18.94, 18.94, 18.94, 18.94, 2.00, 0.00, 0.00, 1.00, 1.00, 1.00
1023 1023 1023 1023 1023 1023 1023 1023 1023 1023 1023 1023 1023 [OK] [loop] Pomiar
2208.18, 18.94, 18.94, 18.94, 18.94, 18.94, 18.94, 18.94, 18.94, 18.94, 18.94, 18.94, 18.94, 18.94, 1.00, 0.00, 0.00, 1.00, 1.00, 1.00
1023 1023 1023 1023 1023 1023 1023 1023 1023 1023 1023 1023 1023 [OK] [loop] Pomiar
2208.43, 18.94, 18.94, 18.94, 18.94, 18.94, 18.94, 18.94, 18.94, 18.94, 18.94, 18.94, 18.94, 18.94, 0.00, 0.00, 0.00, 1.00, 1.00, 1.00
1023 1023 1023 1023 1023 1023 1023 1023 1023 1023 1023 1023 1023 [OK] [loop] Pomiar
2208.68, 18.94, 18.94, 18.94, 18.94, 18.94, 18.94, 18.94, 18.94, 18.94, 18.94, 18.94, 18.94, 18.94, 0.00, 0.00, 0.00, 1.00, 1.00, 1.00
1023 1023 1023 1023 1023 1023 1023 1023 1023 1023 1023 1023 1023 [OK] [loop] Pomiar
2208.93, 18.94, 18.94, 18.94, 18.94, 18.94, 18.94, 18.94, 18.94, 18.94, 18.94, 18.94, 18.94, 18.94, 1.00, 1.00, 0.00, 1.00, 1.00, 1.00
1023 1023 1023 1023 1023 1023 1023 1023 1023 1023 1023 1023 1023 [OK] [loop] Pomiar
2209.19, 18.94, 18.94, 18.94, 18.94, 18.94, 18.94, 18.94, 18.94, 18.94, 18.94, 18.94, 18.94, 18.94, 0.00, 0.00, 0.00, 1.00, 1.00, 1.00
1023 1023 1023 1023 1023 1023 1023 1023 1023 1023 1023 1023 1023 [OK] [loop] Pomiar
2209.44, 18.94, 18.94, 18.94, 18.94, 18.94, 18.94, 18.94, 18.94, 18.94, 18.94, 18.94, 18.94, 18.94, 2.00, 2.00, 0.00, 1.00, 1.00, 1.00
1023 1023 1023 1023 1023 1023 1023 1023 1023 1023 1023 1023 1023 [OK] [loop] Pomiar
