;Time;Thrust;BEM pressure;N2O pressure;N2OWeigth
0;0.0;-1.17560939778079;-0.05659996323500855;-0.1973986705982308;-19.18570683199067
1;0.015263795852661133;-1.17560939778079;-0.05659996323500855;-0.1973986705982308;-19.18570683199067
2;0.029428958892822266;-1.17560939778079;-0.05659996323500855;-0.1973986705982308;-19.18570683199067
3;0.04351544380187988;-1.17560939778079;-0.05659996323500855;-0.1973986705982308;-19.18570683199067
4;0.05772686004638672;-1.17560939778079;-0.05659996323500855;-0.1973986705982308;-19.18570683199067
5;0.07186031341552734;-1.17560939778079;-0.05659996323500855;-0.1973986705982308;-19.18570683199067
6;0.0859825611114502;-1.17560939778079;-0.05659996323500855;-0.1973986705982308;-19.18570683199067
7;0.1002960205078125;-1.17560939778079;-0.05659996323500855;-0.1973986705982308;-19.18570683199067
8;0.11445140838623047;-1.17560939778079;-0.05659996323500855;-0.1973986705982308;-19.18570683199067
9;0.12859678268432617;-1.17560939778079;-0.05659996323500855;-0.1973986705982308;-19.18570683199067
10;0.14351654052734375;-1.17560939778079;-0.05659996323500855;-0.1973986705982308;-19.18570683199067
11;0.15771770477294922;-1.17560939778079;-0.05659996323500855;-0.1973986705982308;-19.18570683199067
12;0.17183208465576172;-1.17560939778079;-0.05659996323500855;-0.1973986705982308;-19.18570683199067
13;0.1860816478729248;-1.17560939778079;-0.05659996323500855;-0.1973986705982308;-19.18570683199067
14;0.20032191276550293;-1.17560939778079;-0.05659996323500855;-0.1973986705982308;-19.18570683199067
15;0.21446728706359863;-1.17560939778079;-0.05659996323500855;-0.1973986705982308;-19.18570683199067
16;0.2286078929901123;-1.17560939778079;-0.05659996323500855;-0.1973986705982308;-19.18570683199067
17;0.24281597137451172;-1.17560939778079;-0.05659996323500855;-0.1973986705982308;-19.18570683199067
18;0.25704240798950195;-1.17560939778079;-0.05659996323500855;-0.1973986705982308;-19.18570683199067
19;0.2712228298187256;-1.17560939778079;-0.05659996323500855;-0.1973986705982308;-19.18570683199067
20;0.28536319732666016;-1.17560939778079;-0.05659996323500855;-0.1973986705982308;-19.18570683199067
21;0.299588680267334;-1.17560939778079;-0.05659996323500855;-0.1973986705982308;-19.18570683199067
22;0.3137509822845459;-1.17560939778079;-0.05659996323500855;-0.1973986705982308;-19.18570683199067
23;0.32790160179138184;-1.17560939778079;-0.05659996323500855;-0.1973986705982308;-19.18570683199067
24;0.3420298099517822;-1.17560939778079;-0.05659996323500855;-0.1973986705982308;-19.18570683199067
25;0.3650238513946533;-1.17560939778079;-0.05659996323500855;-0.1973986705982308;-19.18570683199067
26;0.3791522979736328;-1.17560939778079;-0.05659996323500855;-0.1973986705982308;-19.18570683199067
27;0.39328742027282715;-1.17560939778079;-0.05659996323500855;-0.1973986705982308;-19.18570683199067
28;0.40750908851623535;-1.17560939778079;-0.05659996323500855;-0.1973986705982308;-19.18570683199067
29;0.4216344356536865;-1.17560939778079;-0.05659996323500855;-0.1973986705982308;-19.18570683199067
30;0.43580174446105957;-1.17560939778079;-0.05659996323500855;-0.1973986705982308;-19.18570683199067
31;0.449937105178833;-1.17560939778079;-0.05659996323500855;-0.1973986705982308;-19.18570683199067
32;0.4642045497894287;-1.17560939778079;-0.05659996323500855;-0.1973986705982308;-19.18570683199067
33;0.47836995124816895;-1.17560939778079;-0.05659996323500855;-0.1973986705982308;-19.18570683199067
34;0.49262022972106934;-1.17560939778079;-0.05659996323500855;-0.1973986705982308;-19.18570683199067
35;0.5068807601928711;-1.17560939778079;-0.05659996323500855;-0.1973986705982308;-19.18570683199067
36;0.5210380554199219;-1.17560939778079;-0.05659996323500855;-0.1973986705982308;-19.18570683199067
37;0.5351996421813965;-1.17560939778079;-0.05659996323500855;-0.1973986705982308;-19.18570683199067
38;0.5493741035461426;-1.17560939778079;-0.05659996323500855;-0.1973986705982308;-19.18570683199067
39;0.5634844303131104;-1.17560939778079;-0.05659996323500855;-0.1973986705982308;-19.18570683199067
40;0.5777208805084229;-1.17560939778079;-0.05659996323500855;-0.1973986705982308;-19.18570683199067
41;0.5918371677398682;-1.17560939778079;-0.05659996323500855;-0.1973986705982308;-19.18570683199067
42;0.6059715747833252;-1.17560939778079;-0.05659996323500855;-0.1973986705982308;-19.18570683199067
43;0.6201920509338379;-1.17560939778079;-0.05659996323500855;-0.1973986705982308;-19.18570683199067
44;0.6343653202056885;-1.17560939778079;-0.05659996323500855;-0.1973986705982308;-19.18570683199067
45;0.6492257118225098;-1.17560939778079;-0.05659996323500855;-0.1973986705982308;-19.18570683199067
46;0.6678600311279297;-1.17560939778079;-0.05659996323500855;-0.1973986705982308;-19.18570683199067
47;0.6864051818847656;-1.17560939778079;-0.05659996323500855;-0.1973986705982308;-19.18570683199067
48;0.7049093246459961;-1.17560939778079;-0.05659996323500855;-0.1973986705982308;-19.18570683199067
49;0.7234354019165039;-1.17560939778079;-0.05659996323500855;-0.1973986705982308;-19.18570683199067
50;0.7420125007629395;-1.17560939778079;-0.05659996323500855;-0.1973986705982308;-19.18570683199067
51;0.7723507881164551;-1.17560939778079;-0.05659996323500855;-0.1973986705982308;-19.18570683199067
52;0.7909128665924072;-1.17560939778079;-0.05659996323500855;-0.1973986705982308;-19.18570683199067
53;0.8095319271087646;-1.17560939778079;-0.05659996323500855;-0.1973986705982308;-19.18570683199067
54;0.8280351161956787;-1.17560939778079;-0.05659996323500855;-0.1973986705982308;-19.18570683199067
55;0.8466181755065918;-1.17560939778079;-0.05659996323500855;-0.1973986705982308;-19.18570683199067
56;0.8610436916351318;-1.17560939778079;-0.05659996323500855;-0.1973986705982308;-19.18570683199067
57;0.8752861022949219;-1.17560939778079;-0.05659996323500855;-0.1973986705982308;-19.18570683199067
58;0.8895394802093506;-1.17560939778079;-0.05659996323500855;-0.1973986705982308;-19.18570683199067
59;0.9036738872528076;-1.17560939778079;-0.05659996323500855;-0.1973986705982308;-19.18570683199067
60;0.917870283126831;-1.17560939778079;-0.05659996323500855;-0.1973986705982308;-19.18570683199067
61;0.9319806098937988;-1.17560939778079;-0.05659996323500855;-0.1973986705982308;-19.18570683199067
62;0.9460632801055908;-1.17560939778079;-0.05659996323500855;-0.1973986705982308;-19.18570683199067
63;0.960242509841919;-1.17560939778079;-0.05659996323500855;-0.1973986705982308;-19.18570683199067
64;0.9743938446044922;-1.17560939778079;-0.05659996323500855;-0.1973986705982308;-19.18570683199067
65;0.9885132312774658;-1.17560939778079;-0.05659996323500855;-0.1973986705982308;-19.18570683199067
66;1.0026535987854004;-1.17560939778079;-0.05659996323500855;-0.1973986705982308;-19.18570683199067
67;1.056119680404663;-1.17560939778079;-0.05659996323500855;-0.1973986705982308;-19.18570683199067
68;1.0704262256622314;-1.17560939778079;-0.05659996323500855;-0.1973986705982308;-19.18570683199067
69;1.0845515727996826;-1.17560939778079;-0.05659996323500855;-0.1973986705982308;-19.18570683199067
70;1.0987317562103271;-1.17560939778079;-0.05659996323500855;-0.1973986705982308;-19.18570683199067
71;1.1129093170166016;-1.17560939778079;-0.05659996323500855;-0.1973986705982308;-19.18570683199067
72;1.1272037029266357;-1.17560939778079;-0.05659996323500855;-0.1973986705982308;-19.18570683199067
73;1.1413381099700928;-1.17560939778079;-0.05659996323500855;-0.1973986705982308;-19.18570683199067
74;1.1555464267730713;-1.17560939778079;-0.05659996323500855;-0.1973986705982308;-19.18570683199067
75;1.1696968078613281;-1.17560939778079;-0.05659996323500855;-0.1973986705982308;-19.18570683199067
76;1.1840124130249023;-1.17560939778079;-0.05659996323500855;-0.1973986705982308;-19.18570683199067
77;1.1980795860290527;-1.17560939778079;-0.05659996323500855;-0.1973986705982308;-19.18570683199067
78;1.2122609615325928;-1.17560939778079;-0.05659996323500855;-0.1973986705982308;-19.18570683199067
79;1.2264626026153564;-1.17560939778079;-0.05659996323500855;-0.1973986705982308;-19.18570683199067
80;1.2406387329101562;-1.17560939778079;-0.05659996323500855;-0.1973986705982308;-19.18570683199067
81;1.254756212234497;-1.17560939778079;-0.05659996323500855;-0.1973986705982308;-19.18570683199067
82;1.2689945697784424;-1.17560939778079;-0.05659996323500855;-0.1973986705982308;-19.18570683199067
83;1.2832551002502441;-1.17560939778079;-0.05659996323500855;-0.1973986705982308;-19.18570683199067
84;1.2976055145263672;-1.17560939778079;-0.05659996323500855;-0.1973986705982308;-19.18570683199067
85;1.3117437362670898;-1.17560939778079;-0.05659996323500855;-0.1973986705982308;-19.18570683199067
86;1.3259053230285645;-1.17560939778079;-0.05659996323500855;-0.1973986705982308;-19.18570683199067
87;1.3401496410369873;-1.17560939778079;-0.05659996323500855;-0.1973986705982308;-19.18570683199067
88;1.3543920516967773;-1.17560939778079;-0.05659996323500855;-0.1973986705982308;-19.18570683199067
89;1.3686034679412842;-1.17560939778079;-0.05659996323500855;-0.1973986705982308;-19.18570683199067
90;1.382972002029419;-1.17560939778079;-0.05659996323500855;-0.1973986705982308;-19.18570683199067
91;1.397188425064087;-1.17560939778079;-0.05659996323500855;-0.1973986705982308;-19.18570683199067
92;1.4113337993621826;-1.17560939778079;-0.05659996323500855;-0.1973986705982308;-19.18570683199067
93;1.4254562854766846;-1.17560939778079;-0.05659996323500855;-0.1973986705982308;-19.18570683199067
94;1.4396333694458008;-1.17560939778079;-0.05659996323500855;-0.1973986705982308;-19.18570683199067
95;1.4537529945373535;-1.17560939778079;-0.05659996323500855;-0.1973986705982308;-19.18570683199067
96;1.468034267425537;-1.17560939778079;-0.05659996323500855;-0.1973986705982308;-19.18570683199067
97;1.4822306632995605;-1.17560939778079;-0.05659996323500855;-0.1973986705982308;-19.18570683199067
98;1.4964630603790283;-1.17560939778079;-0.05659996323500855;-0.1973986705982308;-19.18570683199067
99;1.5107364654541016;-1.17560939778079;-0.05659996323500855;-0.1973986705982308;-19.18570683199067
100;1.5248768329620361;-1.17560939778079;-0.05659996323500855;-0.1973986705982308;-19.18570683199067
101;1.539034128189087;-1.17560939778079;-0.05659996323500855;-0.1973986705982308;-19.18570683199067
102;1.5764884948730469;-1.17560939778079;-0.05659996323500855;-0.1973986705982308;-19.18570683199067
103;1.595071792602539;-1.17560939778079;-0.05659996323500855;-0.1973986705982308;-19.18570683199067
104;1.6136038303375244;-1.17560939778079;-0.05659996323500855;-0.1973986705982308;-19.18570683199067
105;1.6322410106658936;-1.17560939778079;-0.05659996323500855;-0.1973986705982308;-19.18570683199067
106;1.6508722305297852;-1.17560939778079;-0.05659996323500855;-0.1973986705982308;-19.18570683199067
107;1.6668829917907715;-1.17560939778079;-0.05659996323500855;-0.1973986705982308;-19.18570683199067
108;1.6810474395751953;-1.17560939778079;-0.05659996323500855;-0.1973986705982308;-19.18570683199067
109;1.6951615810394287;-1.17560939778079;-0.05659996323500855;-0.1973986705982308;-19.18570683199067
110;1.7094230651855469;-1.17560939778079;-0.05659996323500855;-0.1973986705982308;-19.18570683199067
111;1.7235946655273438;-1.17560939778079;-0.05659996323500855;-0.1973986705982308;-19.18570683199067
112;1.7377970218658447;-1.17560939778079;-0.05659996323500855;-0.1973986705982308;-19.18570683199067
113;1.7519290447235107;-1.17560939778079;-0.05659996323500855;-0.1973986705982308;-19.18570683199067
114;1.7661585807800293;-1.17560939778079;-0.05659996323500855;-0.1973986705982308;-19.18570683199067
115;1.7803771495819092;-1.17560939778079;-0.05659996323500855;-0.1973986705982308;-19.18570683199067
116;1.7945926189422607;-1.17560939778079;-0.05659996323500855;-0.1973986705982308;-19.18570683199067
117;1.8088150024414062;-1.17560939778079;-0.05659996323500855;-0.1973986705982308;-19.18570683199067
118;1.8230392932891846;-1.17560939778079;-0.05659996323500855;-0.1973986705982308;-19.18570683199067
119;1.8372557163238525;-1.17560939778079;-0.05659996323500855;-0.1973986705982308;-19.18570683199067
120;1.851391077041626;-1.17560939778079;-0.05659996323500855;-0.1973986705982308;-19.18570683199067
121;1.8655924797058105;-1.17560939778079;-0.05659996323500855;-0.1973986705982308;-19.18570683199067
122;1.8798928260803223;-1.17560939778079;-0.05659996323500855;-0.1973986705982308;-19.18570683199067
123;1.8941123485565186;-1.17560939778079;-0.05659996323500855;-0.1973986705982308;-19.18570683199067
124;1.9082746505737305;-1.17560939778079;-0.05659996323500855;-0.1973986705982308;-19.18570683199067
125;1.9224278926849365;-1.17560939778079;-0.05659996323500855;-0.1973986705982308;-19.18570683199067
126;1.936751365661621;-1.17560939778079;-0.05659996323500855;-0.1973986705982308;-19.18570683199067
127;1.959071397781372;-1.17560939778079;-0.05659996323500855;-0.1973986705982308;-19.18570683199067
128;1.9732296466827393;-1.17560939778079;-0.05659996323500855;-0.1973986705982308;-19.18570683199067
129;1.9876558780670166;-1.17560939778079;-0.05659996323500855;-0.1973986705982308;-19.18570683199067
130;2.001814603805542;-1.17560939778079;-0.05659996323500855;-0.1973986705982308;-19.18570683199067
131;2.015958786010742;-1.17560939778079;-0.05659996323500855;-0.1973986705982308;-19.18570683199067
132;2.0301873683929443;-1.17560939778079;-0.05659996323500855;-0.1973986705982308;-19.18570683199067
133;2.0443928241729736;-1.17560939778079;-0.05659996323500855;-0.1973986705982308;-19.18570683199067
134;2.0586180686950684;-1.17560939778079;-0.05659996323500855;-0.1973986705982308;-19.18570683199067
135;2.072840452194214;-1.17560939778079;-0.05659996323500855;-0.1973986705982308;-19.18570683199067
136;2.087106943130493;-1.17560939778079;-0.05659996323500855;-0.1973986705982308;-19.18570683199067
137;2.101229429244995;-1.17560939778079;-0.05659996323500855;-0.1973986705982308;-19.18570683199067
138;2.1176321506500244;-1.17560939778079;-0.05659996323500855;-0.1973986705982308;-19.18570683199067
139;2.13183331489563;-1.17560939778079;-0.05659996323500855;-0.1973986705982308;-19.18570683199067
140;2.145955801010132;-1.17560939778079;-0.05659996323500855;-0.1973986705982308;-19.18570683199067
141;2.1601803302764893;-1.17560939778079;-0.05659996323500855;-0.1973986705982308;-19.18570683199067
142;2.1743767261505127;-1.17560939778079;-0.05659996323500855;-0.1973986705982308;-19.18570683199067
143;2.188520908355713;-1.17560939778079;-0.05659996323500855;-0.1973986705982308;-19.18570683199067
144;2.2025763988494873;-1.17560939778079;-0.05659996323500855;-0.1973986705982308;-19.18570683199067
145;2.216808795928955;-1.17560939778079;-0.05659996323500855;-0.1973986705982308;-19.18570683199067
146;2.230938196182251;-1.17560939778079;-0.05659996323500855;-0.1973986705982308;-19.18570683199067
147;2.2450716495513916;-1.17560939778079;-0.05659996323500855;-0.1973986705982308;-19.18570683199067
148;2.2593281269073486;-1.17560939778079;-0.05659996323500855;-0.1973986705982308;-19.18570683199067
149;2.273503303527832;-1.17560939778079;-0.05659996323500855;-0.1973986705982308;-19.18570683199067
150;2.2877306938171387;-1.17560939778079;-0.05659996323500855;-0.1973986705982308;-19.18570683199067
151;2.301856279373169;-1.17560939778079;-0.05659996323500855;-0.1973986705982308;-19.18570683199067
152;2.315986394882202;-1.17560939778079;-0.05659996323500855;-0.1973986705982308;-19.18570683199067
153;2.3302059173583984;-1.17560939778079;-0.05659996323500855;-0.1973986705982308;-19.18570683199067
154;2.344348430633545;-1.17560939778079;-0.05659996323500855;-0.1973986705982308;-19.18570683199067
155;2.35917592048645;-1.17560939778079;-0.05659996323500855;-0.1973986705982308;-19.18570683199067
156;2.3778440952301025;-1.17560939778079;-0.05659996323500855;-0.1973986705982308;-19.18570683199067
157;2.3964452743530273;-1.17560939778079;-0.05659996323500855;-0.1973986705982308;-19.18570683199067
158;2.4150502681732178;-1.17560939778079;-0.05659996323500855;-0.1973986705982308;-19.18570683199067
159;2.433565616607666;-1.17560939778079;-0.05659996323500855;-0.1973986705982308;-19.18570683199067
160;2.4521164894104004;-1.17560939778079;-0.05659996323500855;-0.1973986705982308;-19.18570683199067
161;2.4707446098327637;-1.17560939778079;-0.05659996323500855;-0.1973986705982308;-19.18570683199067
162;2.4892499446868896;-1.17560939778079;-0.05659996323500855;-0.1973986705982308;-19.18570683199067
163;2.5078330039978027;-1.17560939778079;-0.05659996323500855;-0.1973986705982308;-19.18570683199067
164;2.5264761447906494;-1.17560939778079;-0.05659996323500855;-0.1973986705982308;-19.18570683199067
165;2.545060157775879;-1.17560939778079;-0.05659996323500855;-0.1973986705982308;-19.18570683199067
166;2.563568353652954;-1.17560939778079;-0.05659996323500855;-0.1973986705982308;-19.18570683199067
167;2.582195520401001;-1.17560939778079;-0.05659996323500855;-0.1973986705982308;-19.18570683199067
168;2.6007795333862305;-1.17560939778079;-0.05659996323500855;-0.1973986705982308;-19.18570683199067
169;2.6192879676818848;-1.17560939778079;-0.05659996323500855;-0.1973986705982308;-19.18570683199067
170;2.637911796569824;-1.17560939778079;-0.05659996323500855;-0.1973986705982308;-19.18570683199067
171;2.6565420627593994;-1.17560939778079;-0.05659996323500855;-0.1973986705982308;-19.18570683199067
172;2.6751973628997803;-1.17560939778079;-0.05659996323500855;-0.1973986705982308;-19.18570683199067
173;2.6937062740325928;-1.17560939778079;-0.05659996323500855;-0.1973986705982308;-19.18570683199067
174;2.71227765083313;-1.17560939778079;-0.05659996323500855;-0.1973986705982308;-19.18570683199067
175;2.7308666706085205;-1.17560939778079;-0.05659996323500855;-0.1973986705982308;-19.18570683199067
176;2.7495107650756836;-1.17560939778079;-0.05659996323500855;-0.1973986705982308;-19.18570683199067
177;2.777238607406616;-1.17560939778079;-0.05659996323500855;-0.1973986705982308;-19.18570683199067
178;2.791416883468628;-1.17560939778079;-0.05659996323500855;-0.1973986705982308;-19.18570683199067
179;2.8055973052978516;-1.17560939778079;-0.05659996323500855;-0.1973986705982308;-19.18570683199067
180;2.819831609725952;-1.17560939778079;-0.05659996323500855;-0.1973986705982308;-19.18570683199067
181;2.834055185317993;-1.17560939778079;-0.05659996323500855;-0.1973986705982308;-19.18570683199067
182;2.848214626312256;-1.17560939778079;-0.05659996323500855;-0.1973986705982308;-19.18570683199067
183;2.8623640537261963;-1.17560939778079;-0.05659996323500855;-0.1973986705982308;-19.18570683199067
184;2.876633405685425;-1.17560939778079;-0.05659996323500855;-0.1973986705982308;-19.18570683199067
185;2.8908207416534424;-1.17560939778079;-0.05659996323500855;-0.1973986705982308;-19.18570683199067
186;2.904982089996338;-1.17560939778079;-0.05659996323500855;-0.1973986705982308;-19.18570683199067
187;2.9191513061523438;-1.17560939778079;-0.05659996323500855;-0.1973986705982308;-19.18570683199067
188;2.9333107471466064;-1.17560939778079;-0.05659996323500855;-0.1973986705982308;-19.18570683199067
189;2.947561264038086;-1.17560939778079;-0.05659996323500855;-0.1973986705982308;-19.18570683199067
190;2.961712598800659;-1.17560939778079;-0.05659996323500855;-0.1973986705982308;-19.18570683199067
191;2.975893020629883;-1.17560939778079;-0.05659996323500855;-0.1973986705982308;-19.18570683199067
192;2.9901316165924072;-1.17560939778079;-0.05659996323500855;-0.1973986705982308;-19.18570683199067
193;3.0043396949768066;-1.17560939778079;-0.05659996323500855;-0.1973986705982308;-19.18570683199067
194;3.0184502601623535;-1.17560939778079;-0.05659996323500855;-0.1973986705982308;-19.18570683199067
195;3.032613754272461;-1.17560939778079;-0.05659996323500855;-0.1973986705982308;-19.18570683199067
196;3.0468311309814453;-1.17560939778079;-0.05659996323500855;-0.1973986705982308;-19.18570683199067
197;3.0609753131866455;-1.17560939778079;-0.05659996323500855;-0.1973986705982308;-19.18570683199067
198;3.07515287399292;-1.17560939778079;-0.05659996323500855;-0.1973986705982308;-19.18570683199067
199;3.0894083976745605;-1.17560939778079;-0.05659996323500855;-0.1973986705982308;-19.18570683199067
200;3.103545665740967;-1.17560939778079;-0.05659996323500855;-0.1973986705982308;-19.18570683199067
201;3.1177971363067627;-1.17560939778079;-0.05659996323500855;-0.1973986705982308;-19.18570683199067
202;3.1319472789764404;-1.17560939778079;-0.05659996323500855;-0.1973986705982308;-19.18570683199067
203;3.1461799144744873;-1.17560939778079;-0.05659996323500855;-0.1973986705982308;-19.18570683199067
204;3.1685986518859863;-1.17560939778079;-0.05659996323500855;-0.1973986705982308;-19.18570683199067
205;3.182857036590576;-1.17560939778079;-0.05659996323500855;-0.1973986705982308;-19.18570683199067
206;3.1970572471618652;-1.17560939778079;-0.05659996323500855;-0.1973986705982308;-19.18570683199067
207;3.2112479209899902;-1.17560939778079;-0.05659996323500855;-0.1973986705982308;-19.18570683199067
208;3.225398302078247;-1.17560939778079;-0.05659996323500855;-0.1973986705982308;-19.18570683199067
209;3.2396316528320312;-1.17560939778079;-0.05659996323500855;-0.1973986705982308;-19.18570683199067
210;3.2538042068481445;-1.17560939778079;-0.05659996323500855;-0.1973986705982308;-19.18570683199067
211;3.2680726051330566;-1.17560939778079;-0.05659996323500855;-0.1973986705982308;-19.18570683199067
212;3.282299041748047;-1.17560939778079;-0.05659996323500855;-0.1973986705982308;-19.18570683199067
213;3.2965281009674072;-1.17560939778079;-0.05659996323500855;-0.1973986705982308;-19.18570683199067
214;3.3107376098632812;-1.17560939778079;-0.05659996323500855;-0.1973986705982308;-19.18570683199067
215;3.3249049186706543;-1.17560939778079;-0.05659996323500855;-0.1973986705982308;-19.18570683199067
216;3.3390696048736572;-1.17560939778079;-0.05659996323500855;-0.1973986705982308;-19.18570683199067
217;3.3532538414001465;-1.17560939778079;-0.05659996323500855;-0.1973986705982308;-19.18570683199067
218;3.367556095123291;-1.17560939778079;-0.05659996323500855;-0.1973986705982308;-19.18570683199067
219;3.381779670715332;-1.17560939778079;-0.05659996323500855;-0.1973986705982308;-19.18570683199067
220;3.39593505859375;-1.17560939778079;-0.05659996323500855;-0.1973986705982308;-19.18570683199067
221;3.410177230834961;-1.17560939778079;-0.05659996323500855;-0.1973986705982308;-19.18570683199067
222;3.4243478775024414;-1.17560939778079;-0.05659996323500855;-0.1973986705982308;-19.18570683199067
223;3.438507318496704;-1.17560939778079;-0.05659996323500855;-0.1973986705982308;-19.18570683199067
224;3.4548280239105225;-1.17560939778079;-0.05659996323500855;-0.1973986705982308;-19.18570683199067
225;3.468984365463257;-1.17560939778079;-0.05659996323500855;-0.1973986705982308;-19.18570683199067
226;3.4854860305786133;-1.17560939778079;-0.05659996323500855;-0.1973986705982308;-19.18570683199067
227;3.504080295562744;-1.17560939778079;-0.05659996323500855;-0.1973986705982308;-19.18570683199067
228;3.522585391998291;-1.17560939778079;-0.05659996323500855;-0.1973986705982308;-19.18570683199067
229;3.5411956310272217;-1.17560939778079;-0.05659996323500855;-0.1973986705982308;-19.18570683199067
230;3.5597496032714844;-1.17560939778079;-0.05659996323500855;-0.1973986705982308;-19.18570683199067
231;3.578195810317993;-1.17560939778079;-0.05659996323500855;-0.1973986705982308;-19.18570683199067
232;3.596785068511963;-1.17560939778079;-0.05659996323500855;-0.1973986705982308;-19.18570683199067
233;3.6153461933135986;-1.17560939778079;-0.05659996323500855;-0.1973986705982308;-19.18570683199067
234;3.6338462829589844;-1.17560939778079;-0.05659996323500855;-0.1973986705982308;-19.18570683199067
235;3.652409315109253;-1.17560939778079;-0.05659996323500855;-0.1973986705982308;-19.18570683199067
236;3.670973539352417;-1.17560939778079;-0.05659996323500855;-0.1973986705982308;-19.18570683199067
237;3.6896567344665527;-1.17560939778079;-0.05659996323500855;-0.1973986705982308;-19.18570683199067
238;3.70808482170105;-1.17560939778079;-0.05659996323500855;-0.1973986705982308;-19.18570683199067
239;3.726700782775879;-1.17560939778079;-0.05659996323500855;-0.1973986705982308;-19.18570683199067
240;3.745276927947998;-1.17560939778079;-0.05659996323500855;-0.1973986705982308;-19.18570683199067
241;3.763780117034912;-1.17560939778079;-0.05659996323500855;-0.1973986705982308;-19.18570683199067
242;3.7824764251708984;-1.17560939778079;-0.05659996323500855;-0.1973986705982308;-19.18570683199067
243;3.801093339920044;-1.17560939778079;-0.05659996323500855;-0.1973986705982308;-19.18570683199067
244;3.8197214603424072;-1.17560939778079;-0.05659996323500855;-0.1973986705982308;-19.18570683199067
245;3.8382437229156494;-1.17560939778079;-0.05659996323500855;-0.1973986705982308;-19.18570683199067
246;3.85683274269104;-1.17560939778079;-0.05659996323500855;-0.1973986705982308;-19.18570683199067
247;3.8753910064697266;-1.17560939778079;-0.05659996323500855;-0.1973986705982308;-19.18570683199067
248;3.8939671516418457;-1.17560939778079;-0.05659996323500855;-0.1973986705982308;-19.18570683199067
249;3.912548303604126;-1.17560939778079;-0.05659996323500855;-0.1973986705982308;-19.18570683199067
250;3.9311776161193848;-1.17560939778079;-0.05659996323500855;-0.1973986705982308;-19.18570683199067
251;3.949699640274048;-1.17560939778079;-0.05659996323500855;-0.1973986705982308;-19.18570683199067
252;3.979137659072876;-1.17560939778079;-0.05659996323500855;-0.1973986705982308;-19.18570683199067
253;3.9933247566223145;-1.17560939778079;-0.05659996323500855;-0.1973986705982308;-19.18570683199067
254;4.007606267929077;-1.17560939778079;-0.05659996323500855;-0.1973986705982308;-19.18570683199067
255;4.0217766761779785;-1.17560939778079;-0.05659996323500855;-0.1973986705982308;-19.18570683199067
256;4.0359601974487305;-1.17560939778079;-0.05659996323500855;-0.1973986705982308;-19.18570683199067
257;4.050191640853882;-1.17560939778079;-0.05659996323500855;-0.1973986705982308;-19.18570683199067
258;4.064512014389038;-1.17560939778079;-0.05659996323500855;-0.1973986705982308;-19.18570683199067
259;4.078771591186523;-1.17560939778079;-0.05659996323500855;-0.1973986705982308;-19.18570683199067
260;4.093012809753418;-1.17560939778079;-0.05659996323500855;-0.1973986705982308;-19.18570683199067
261;4.1072611808776855;-1.17560939778079;-0.05659996323500855;-0.1973986705982308;-19.18570683199067
262;4.1214516162872314;-1.17560939778079;-0.05659996323500855;-0.1973986705982308;-19.18570683199067
263;4.13564395904541;-1.17560939778079;-0.05659996323500855;-0.1973986705982308;-19.18570683199067
264;4.149909257888794;-1.17560939778079;-0.05659996323500855;-0.1973986705982308;-19.18570683199067
265;4.164133787155151;-1.17560939778079;-0.05659996323500855;-0.1973986705982308;-19.18570683199067
266;4.178352117538452;-1.17560939778079;-0.05659996323500855;-0.1973986705982308;-19.18570683199067
267;4.192461729049683;-1.17560939778079;-0.05659996323500855;-0.1973986705982308;-19.18570683199067
268;4.206696033477783;-1.17560939778079;-0.05659996323500855;-0.1973986705982308;-19.18570683199067
269;4.220877408981323;-1.17560939778079;-0.05659996323500855;-0.1973986705982308;-19.18570683199067
270;4.235069751739502;-1.17560939778079;-0.05659996323500855;-0.1973986705982308;-19.18570683199067
271;4.249362230300903;-1.17560939778079;-0.05659996323500855;-0.1973986705982308;-19.18570683199067
272;4.263532638549805;-1.17560939778079;-0.05659996323500855;-0.1973986705982308;-19.18570683199067
273;4.2777931690216064;-1.17560939778079;-0.05659996323500855;-0.1973986705982308;-19.18570683199067
274;4.291975498199463;-1.17560939778079;-0.05659996323500855;-0.1973986705982308;-19.18570683199067
275;4.30620265007019;-1.17560939778079;-0.05659996323500855;-0.1973986705982308;-19.18570683199067
276;4.320424318313599;-1.17560939778079;-0.05659996323500855;-0.1973986705982308;-19.18570683199067
277;4.334613561630249;-1.17560939778079;-0.05659996323500855;-0.1973986705982308;-19.18570683199067
278;4.348804950714111;-1.17560939778079;-0.05659996323500855;-0.1973986705982308;-19.18570683199067
279;4.371075630187988;-1.17560939778079;-0.05659996323500855;-0.1973986705982308;-19.18570683199067
280;4.385296106338501;-1.17560939778079;-0.05659996323500855;-0.1973986705982308;-19.18570683199067
281;4.3995325565338135;-1.17560939778079;-0.05659996323500855;-0.1973986705982308;-19.18570683199067
282;4.413684129714966;-1.17560939778079;-0.05659996323500855;-0.1973986705982308;-19.18570683199067
283;4.427908420562744;-1.17560939778079;-0.05659996323500855;-0.1973986705982308;-19.18570683199067
284;4.44200873374939;-1.17560939778079;-0.05659996323500855;-0.1973986705982308;-19.18570683199067
285;4.4561731815338135;-1.17560939778079;-0.05659996323500855;-0.1973986705982308;-19.18570683199067
286;4.470385551452637;-1.17560939778079;-0.05659996323500855;-0.1973986705982308;-19.18570683199067
287;4.48454475402832;-1.17560939778079;-0.05659996323500855;-0.1973986705982308;-19.18570683199067
288;4.498767375946045;-1.17560939778079;-0.05659996323500855;-0.1973986705982308;-19.18570683199067
289;4.512962579727173;-1.17560939778079;-0.05659996323500855;-0.1973986705982308;-19.18570683199067
290;4.527179002761841;-1.17560939778079;-0.05659996323500855;-0.1973986705982308;-19.18570683199067
291;4.54134464263916;-1.17560939778079;-0.05659996323500855;-0.1973986705982308;-19.18570683199067
292;4.555489778518677;-1.17560939778079;-0.05659996323500855;-0.1973986705982308;-19.18570683199067
293;4.569695234298706;-1.17560939778079;-0.05659996323500855;-0.1973986705982308;-19.18570683199067
294;4.583925724029541;-1.17560939778079;-0.05659996323500855;-0.1973986705982308;-19.18570683199067
295;4.598082065582275;-1.17560939778079;-0.05659996323500855;-0.1973986705982308;-19.18570683199067
296;4.6122565269470215;-1.17560939778079;-0.05659996323500855;-0.1973986705982308;-19.18570683199067
297;4.626490831375122;-1.17560939778079;-0.05659996323500855;-0.1973986705982308;-19.18570683199067
298;4.640680313110352;-1.17560939778079;-0.05659996323500855;-0.1973986705982308;-19.18570683199067
299;4.654831647872925;-1.17560939778079;-0.05659996323500855;-0.1973986705982308;-19.18570683199067
300;4.66899299621582;-1.17560939778079;-0.05659996323500855;-0.1973986705982308;-19.18570683199067
301;4.685669898986816;-1.17560939778079;-0.05659996323500855;-0.1973986705982308;-19.18570683199067
302;4.704200983047485;-1.17560939778079;-0.05659996323500855;-0.1973986705982308;-19.18570683199067
303;4.722768306732178;-1.17560939778079;-0.05659996323500855;-0.1973986705982308;-19.18570683199067
304;4.741380453109741;-1.17560939778079;-0.05659996323500855;-0.1973986705982308;-19.18570683199067
305;4.759981393814087;-1.17560939778079;-0.05659996323500855;-0.1973986705982308;-19.18570683199067
306;4.778550624847412;-1.17560939778079;-0.05659996323500855;-0.1973986705982308;-19.18570683199067
307;4.797217845916748;-1.17560939778079;-0.05659996323500855;-0.1973986705982308;-19.18570683199067
308;4.815751791000366;-1.17560939778079;-0.05659996323500855;-0.1973986705982308;-19.18570683199067
309;4.8344199657440186;-1.17560939778079;-0.05659996323500855;-0.1973986705982308;-19.18570683199067
310;4.856228590011597;-1.17560939778079;-0.05659996323500855;-0.1973986705982308;-19.18570683199067
311;4.8748509883880615;-1.17560939778079;-0.05659996323500855;-0.1973986705982308;-19.18570683199067
312;4.893422842025757;-1.17560939778079;-0.05659996323500855;-0.1973986705982308;-19.18570683199067
313;4.91204309463501;-1.17560939778079;-0.05659996323500855;-0.1973986705982308;-19.18570683199067
314;4.930657386779785;-1.17560939778079;-0.05659996323500855;-0.1973986705982308;-19.18570683199067
315;4.949083566665649;-1.17560939778079;-0.05659996323500855;-0.1973986705982308;-19.18570683199067
316;4.967652320861816;-1.17560939778079;-0.05659996323500855;-0.1973986705982308;-19.18570683199067
317;4.986255645751953;-1.17560939778079;-0.05659996323500855;-0.1973986705982308;-19.18570683199067
318;5.004842758178711;-1.17560939778079;-0.05659996323500855;-0.1973986705982308;-19.18570683199067
319;5.02334189414978;-1.17560939778079;-0.05659996323500855;-0.1973986705982308;-19.18570683199067
320;5.041978120803833;-1.17560939778079;-0.05659996323500855;-0.1973986705982308;-19.18570683199067
321;5.060586214065552;-1.17560939778079;-0.05659996323500855;-0.1973986705982308;-19.18570683199067
322;5.079091310501099;-1.17560939778079;-0.05659996323500855;-0.1973986705982308;-19.18570683199067
323;5.097787380218506;-1.17560939778079;-0.05659996323500855;-0.1973986705982308;-19.18570683199067
324;5.116417646408081;-1.17560939778079;-0.05659996323500855;-0.1973986705982308;-19.18570683199067
325;5.1349778175354;-1.17560939778079;-0.05659996323500855;-0.1973986705982308;-19.18570683199067
326;5.15352201461792;-1.17560939778079;-0.05659996323500855;-0.1973986705982308;-19.18570683199067
327;5.18248176574707;-1.17560939778079;-0.05659996323500855;-0.1973986705982308;-19.18570683199067
328;5.197860479354858;-1.17560939778079;-0.05659996323500855;-0.1973986705982308;-19.18570683199067
329;5.2120208740234375;-1.17560939778079;-0.05659996323500855;-0.1973986705982308;-19.18570683199067
330;5.2262163162231445;-1.17560939778079;-0.05659996323500855;-0.1973986705982308;-19.18570683199067
331;5.240448474884033;-1.17560939778079;-0.05659996323500855;-0.1973986705982308;-19.18570683199067
332;5.254586935043335;-1.17560939778079;-0.05659996323500855;-0.1973986705982308;-19.18570683199067
333;5.268779277801514;-1.17560939778079;-0.05659996323500855;-0.1973986705982308;-19.18570683199067
334;5.283009767532349;-1.17560939778079;-0.05659996323500855;-0.1973986705982308;-19.18570683199067
335;5.297228097915649;-1.17560939778079;-0.05659996323500855;-0.1973986705982308;-19.18570683199067
336;5.311372518539429;-1.17560939778079;-0.05659996323500855;-0.1973986705982308;-19.18570683199067
337;5.325506925582886;-1.17560939778079;-0.05659996323500855;-0.1973986705982308;-19.18570683199067
338;5.339837312698364;-1.17560939778079;-0.05659996323500855;-0.1973986705982308;-19.18570683199067
339;5.354050874710083;-1.17560939778079;-0.05659996323500855;-0.1973986705982308;-19.18570683199067
340;5.368221282958984;-1.17560939778079;-0.05659996323500855;-0.1973986705982308;-19.18570683199067
341;5.382377624511719;-1.17560939778079;-0.05659996323500855;-0.1973986705982308;-19.18570683199067
342;5.396609783172607;-1.17560939778079;-0.05659996323500855;-0.1973986705982308;-19.18570683199067
343;5.410801410675049;-1.17560939778079;-0.05659996323500855;-0.1973986705982308;-19.18570683199067
344;5.424937725067139;-1.17560939778079;-0.05659996323500855;-0.1973986705982308;-19.18570683199067
345;5.4390950202941895;-1.17560939778079;-0.05659996323500855;-0.1973986705982308;-19.18570683199067
346;5.453239679336548;-1.17560939778079;-0.05659996323500855;-0.1973986705982308;-19.18570683199067
347;5.467483997344971;-1.17560939778079;-0.05659996323500855;-0.1973986705982308;-19.18570683199067
348;5.4816553592681885;-1.17560939778079;-0.05659996323500855;-0.1973986705982308;-19.18570683199067
349;5.495806694030762;-1.17560939778079;-0.05659996323500855;-0.1973986705982308;-19.18570683199067
350;5.510046005249023;-1.17560939778079;-0.05659996323500855;-0.1973986705982308;-19.18570683199067
351;5.524271488189697;-1.17560939778079;-0.05659996323500855;-0.1973986705982308;-19.18570683199067
352;5.538463115692139;-1.17560939778079;-0.05659996323500855;-0.1973986705982308;-19.18570683199067
353;5.552601337432861;-1.17560939778079;-0.05659996323500855;-0.1973986705982308;-19.18570683199067
354;5.5751121044158936;-1.17560939778079;-0.05659996323500855;-0.1973986705982308;-19.18570683199067
355;5.589423418045044;-1.17560939778079;-0.05659996323500855;-0.1973986705982308;-19.18570683199067
356;5.60359001159668;-1.17560939778079;-0.05659996323500855;-0.1973986705982308;-19.18570683199067
357;5.617800235748291;-1.17560939778079;-0.05659996323500855;-0.1973986705982308;-19.18570683199067
358;5.6319615840911865;-1.17560939778079;-0.05659996323500855;-0.1973986705982308;-19.18570683199067
359;5.646203279495239;-1.17560939778079;-0.05659996323500855;-0.1973986705982308;-19.18570683199067
360;5.660438537597656;-1.17560939778079;-0.05659996323500855;-0.1973986705982308;-19.18570683199067
361;5.674579858779907;-1.17560939778079;-0.05659996323500855;-0.1973986705982308;-19.18570683199067
362;5.688788175582886;-1.17560939778079;-0.05659996323500855;-0.1973986705982308;-19.18570683199067
363;5.702969551086426;-1.17560939778079;-0.05659996323500855;-0.1973986705982308;-19.18570683199067
364;5.717223882675171;-1.17560939778079;-0.05659996323500855;-0.1973986705982308;-19.18570683199067
365;5.731386423110962;-1.17560939778079;-0.05659996323500855;-0.1973986705982308;-19.18570683199067
366;5.745532989501953;-1.17560939778079;-0.05659996323500855;-0.1973986705982308;-19.18570683199067
367;5.759717226028442;-1.17560939778079;-0.05659996323500855;-0.1973986705982308;-19.18570683199067
368;5.773923635482788;-1.17560939778079;-0.05659996323500855;-0.1973986705982308;-19.18570683199067
369;5.788118124008179;-1.17560939778079;-0.05659996323500855;-0.1973986705982308;-19.18570683199067
370;5.802314519882202;-1.17560939778079;-0.05659996323500855;-0.1973986705982308;-19.18570683199067
371;5.816544771194458;-1.17560939778079;-0.05659996323500855;-0.1973986705982308;-19.18570683199067
372;5.8307483196258545;-1.17560939778079;-0.05659996323500855;-0.1973986705982308;-19.18570683199067
373;5.844895601272583;-1.17560939778079;-0.05659996323500855;-0.1973986705982308;-19.18570683199067
374;5.859068870544434;-1.17560939778079;-0.05659996323500855;-0.1973986705982308;-19.18570683199067
375;5.873257637023926;-1.17560939778079;-0.05659996323500855;-0.1973986705982308;-19.18570683199067
376;5.888265132904053;-1.17560939778079;-0.05659996323500855;-0.1973986705982308;-19.18570683199067
377;5.906909942626953;-1.17560939778079;-0.05659996323500855;-0.1973986705982308;-19.18570683199067
378;5.92547345161438;-1.17560939778079;-0.05659996323500855;-0.1973986705982308;-19.18570683199067
379;5.944035291671753;-1.17560939778079;-0.05659996323500855;-0.1973986705982308;-19.18570683199067
380;5.962580442428589;-1.17560939778079;-0.05659996323500855;-0.1973986705982308;-19.18570683199067
381;5.981146574020386;-1.17560939778079;-0.05659996323500855;-0.1973986705982308;-19.18570683199067
382;5.999879837036133;-1.17560939778079;-0.05659996323500855;-0.1973986705982308;-19.18570683199067
383;6.018425941467285;-1.17560939778079;-0.05659996323500855;-0.1973986705982308;-19.18570683199067
384;6.056246280670166;-1.17560939778079;-0.05659996323500855;-0.1973986705982308;-19.18570683199067
385;6.0753254890441895;-1.17560939778079;-0.05659996323500855;-0.1973986705982308;-19.18570683199067
386;6.092072486877441;-1.17560939778079;-0.05659996323500855;-0.1973986705982308;-19.18570683199067
387;6.106192588806152;-1.17560939778079;-0.05659996323500855;-0.1973986705982308;-19.18570683199067
388;6.120408058166504;-1.17560939778079;-0.05659996323500855;-0.1973986705982308;-19.18570683199067
389;6.134476661682129;-1.17560939778079;-0.05659996323500855;-0.1973986705982308;-19.18570683199067
390;6.148634910583496;-1.17560939778079;-0.05659996323500855;-0.1973986705982308;-19.18570683199067
391;6.162757396697998;-1.17560939778079;-0.05659996323500855;-0.1973986705982308;-19.18570683199067
392;6.176917791366577;-1.17560939778079;-0.05659996323500855;-0.1973986705982308;-19.18570683199067
393;6.190967082977295;-1.17560939778079;-0.05659996323500855;-0.1973986705982308;-19.18570683199067
394;6.204965353012085;-1.17560939778079;-0.05659996323500855;-0.1973986705982308;-19.18570683199067
395;6.221915245056152;-1.17560939778079;-0.05659996323500855;-0.1973986705982308;-19.18570683199067
396;6.2359795570373535;-1.17560939778079;-0.05659996323500855;-0.1973986705982308;-19.18570683199067
397;6.250111103057861;-1.17560939778079;-0.05659996323500855;-0.1973986705982308;-19.18570683199067
398;6.264273405075073;-1.17560939778079;-0.05659996323500855;-0.1973986705982308;-19.18570683199067
399;6.278327941894531;-1.17560939778079;-0.05659996323500855;-0.1973986705982308;-19.18570683199067
400;6.292386054992676;-1.17560939778079;-0.05659996323500855;-0.1973986705982308;-19.18570683199067
401;6.306483507156372;-1.17560939778079;-0.05659996323500855;-0.1973986705982308;-19.18570683199067
402;6.3205718994140625;-1.17560939778079;-0.05659996323500855;-0.1973986705982308;-19.18570683199067
403;6.334618330001831;-1.17560939778079;-0.05659996323500855;-0.1973986705982308;-19.18570683199067
404;6.348709583282471;-1.17560939778079;-0.05659996323500855;-0.1973986705982308;-19.18570683199067
405;6.371621608734131;-1.17560939778079;-0.05659996323500855;-0.1973986705982308;-19.18570683199067
406;6.385809898376465;-1.17560939778079;-0.05659996323500855;-0.1973986705982308;-19.18570683199067
407;6.399938344955444;-1.17560939778079;-0.05659996323500855;-0.1973986705982308;-19.18570683199067
408;6.414028882980347;-1.17560939778079;-0.05659996323500855;-0.1973986705982308;-19.18570683199067
409;6.428101062774658;-1.17560939778079;-0.05659996323500855;-0.1973986705982308;-19.18570683199067
410;6.442089557647705;-1.17560939778079;-0.05659996323500855;-0.1973986705982308;-19.18570683199067
411;6.45615291595459;-1.17560939778079;-0.05659996323500855;-0.1973986705982308;-19.18570683199067
412;6.4703662395477295;-1.17560939778079;-0.05659996323500855;-0.1973986705982308;-19.18570683199067
413;6.484417676925659;-1.17560939778079;-0.05659996323500855;-0.1973986705982308;-19.18570683199067
414;6.498493909835815;-1.17560939778079;-0.05659996323500855;-0.1973986705982308;-19.18570683199067
415;6.512544393539429;-1.17560939778079;-0.05659996323500855;-0.1973986705982308;-19.18570683199067
416;6.526641607284546;-1.17560939778079;-0.05659996323500855;-0.1973986705982308;-19.18570683199067
417;6.540759086608887;-1.17560939778079;-0.05659996323500855;-0.1973986705982308;-19.18570683199067
418;6.554831504821777;-1.17560939778079;-0.05659996323500855;-0.1973986705982308;-19.18570683199067
419;6.578868627548218;-1.17560939778079;-0.05659996323500855;-0.1973986705982308;-19.18570683199067
420;6.593048810958862;-1.17560939778079;-0.05659996323500855;-0.1973986705982308;-19.18570683199067
421;6.607192277908325;-1.17560939778079;-0.05659996323500855;-0.1973986705982308;-19.18570683199067
422;6.621253728866577;-1.17560939778079;-0.05659996323500855;-0.1973986705982308;-19.18570683199067
423;6.635303258895874;-1.17560939778079;-0.05659996323500855;-0.1973986705982308;-19.18570683199067
424;6.649557590484619;-1.17560939778079;-0.05659996323500855;-0.1973986705982308;-19.18570683199067
425;6.663618803024292;-1.17560939778079;-0.05659996323500855;-0.1973986705982308;-19.18570683199067
426;6.6777503490448;-1.17560939778079;-0.05659996323500855;-0.1973986705982308;-19.18570683199067
427;6.69181752204895;-1.17560939778079;-0.05659996323500855;-0.1973986705982308;-19.18570683199067
428;6.705848932266235;-1.17560939778079;-0.05659996323500855;-0.1973986705982308;-19.18570683199067
429;6.720011234283447;-1.17560939778079;-0.05659996323500855;-0.1973986705982308;-19.18570683199067
430;6.734125852584839;-1.17560939778079;-0.05659996323500855;-0.1973986705982308;-19.18570683199067
431;6.748211145401001;-1.17560939778079;-0.05659996323500855;-0.1973986705982308;-19.18570683199067
432;6.770758867263794;-1.17560939778079;-0.05659996323500855;-0.1973986705982308;-19.18570683199067
433;6.784887313842773;-1.17560939778079;-0.05659996323500855;-0.1973986705982308;-19.18570683199067
434;6.799654006958008;-1.17560939778079;-0.05659996323500855;-0.1973986705982308;-19.18570683199067
435;6.8180859088897705;-1.17560939778079;-0.05659996323500855;-0.1973986705982308;-19.18570683199067
436;6.836603879928589;-1.17560939778079;-0.05659996323500855;-0.1973986705982308;-19.18570683199067
437;6.855083227157593;-1.17560939778079;-0.05659996323500855;-0.1973986705982308;-19.18570683199067
438;6.87348747253418;-1.17560939778079;-0.05659996323500855;-0.1973986705982308;-19.18570683199067
439;6.892028570175171;-1.17560939778079;-0.05659996323500855;-0.1973986705982308;-19.18570683199067
440;6.910493612289429;-1.17560939778079;-0.05659996323500855;-0.1973986705982308;-19.18570683199067
441;6.928908586502075;-1.17560939778079;-0.05659996323500855;-0.1973986705982308;-19.18570683199067
442;6.947338819503784;-1.17560939778079;-0.05659996323500855;-0.1973986705982308;-19.18570683199067
443;6.965698957443237;-1.17560939778079;-0.05659996323500855;-0.1973986705982308;-19.18570683199067
444;6.984172105789185;-1.17560939778079;-0.05659996323500855;-0.1973986705982308;-19.18570683199067
445;7.002684116363525;-1.17560939778079;-0.05659996323500855;-0.1973986705982308;-19.18570683199067
446;7.021207332611084;-1.17560939778079;-0.05659996323500855;-0.1973986705982308;-19.18570683199067
447;7.039797306060791;-1.17560939778079;-0.05659996323500855;-0.1973986705982308;-19.18570683199067
448;7.058202505111694;-1.17560939778079;-0.05659996323500855;-0.1973986705982308;-19.18570683199067
449;7.076719760894775;-1.17560939778079;-0.05659996323500855;-0.1973986705982308;-19.18570683199067
450;7.095179796218872;-1.17560939778079;-0.05659996323500855;-0.1973986705982308;-19.18570683199067
451;7.113596677780151;-1.17560939778079;-0.05659996323500855;-0.1973986705982308;-19.18570683199067
452;7.132088899612427;-1.17560939778079;-0.05659996323500855;-0.1973986705982308;-19.18570683199067
453;7.1505961418151855;-1.17560939778079;-0.05659996323500855;-0.1973986705982308;-19.18570683199067
454;7.168979167938232;-1.17560939778079;-0.05659996323500855;-0.1973986705982308;-19.18570683199067
455;7.187519311904907;-1.17560939778079;-0.05659996323500855;-0.1973986705982308;-19.18570683199067
456;7.205848455429077;-1.17560939778079;-0.05659996323500855;-0.1973986705982308;-19.18570683199067
457;7.224328517913818;-1.17560939778079;-0.05659996323500855;-0.1973986705982308;-19.18570683199067
458;7.242743730545044;-1.17560939778079;-0.05659996323500855;-0.1973986705982308;-19.18570683199067
459;7.261232614517212;-1.17560939778079;-0.05659996323500855;-0.1973986705982308;-19.18570683199067
460;7.279703855514526;-1.17560939778079;-0.05659996323500855;-0.1973986705982308;-19.18570683199067
461;7.298114776611328;-1.17560939778079;-0.05659996323500855;-0.1973986705982308;-19.18570683199067
462;7.316620111465454;-1.17560939778079;-0.05659996323500855;-0.1973986705982308;-19.18570683199067
463;7.335063457489014;-1.17560939778079;-0.05659996323500855;-0.1973986705982308;-19.18570683199067
464;7.353456497192383;-1.17560939778079;-0.05659996323500855;-0.1973986705982308;-19.18570683199067
465;7.371921539306641;-1.17560939778079;-0.05659996323500855;-0.1973986705982308;-19.18570683199067
466;7.390407562255859;-1.17560939778079;-0.05659996323500855;-0.1973986705982308;-19.18570683199067
467;7.40878963470459;-1.17560939778079;-0.05659996323500855;-0.1973986705982308;-19.18570683199067
468;7.427475690841675;-1.17560939778079;-0.05659996323500855;-0.1973986705982308;-19.18570683199067
469;7.445765018463135;-1.17560939778079;-0.05659996323500855;-0.1973986705982308;-19.18570683199067
470;7.464260816574097;-1.17560939778079;-0.05659996323500855;-0.1973986705982308;-19.18570683199067
471;7.4826531410217285;-1.17560939778079;-0.05659996323500855;-0.1973986705982308;-19.18570683199067
472;7.501171350479126;-1.17560939778079;-0.05659996323500855;-0.1973986705982308;-19.18570683199067
473;7.519729375839233;-1.17560939778079;-0.05659996323500855;-0.1973986705982308;-19.18570683199067
474;7.538161516189575;-1.17560939778079;-0.05659996323500855;-0.1973986705982308;-19.18570683199067
475;7.556700706481934;-1.17560939778079;-0.05659996323500855;-0.1973986705982308;-19.18570683199067
476;7.586310625076294;-1.17560939778079;-0.05659996323500855;-0.1973986705982308;-19.18570683199067
477;7.603246450424194;-1.17560939778079;-0.05659996323500855;-0.1973986705982308;-19.18570683199067
478;7.617459774017334;-1.17560939778079;-0.05659996323500855;-0.1973986705982308;-19.18570683199067
479;7.631566286087036;-1.17560939778079;-0.05659996323500855;-0.1973986705982308;-19.18570683199067
480;7.6456286907196045;-1.17560939778079;-0.05659996323500855;-0.1973986705982308;-19.18570683199067
481;7.662036657333374;-1.17560939778079;-0.05659996323500855;-0.1973986705982308;-19.18570683199067
482;7.676149845123291;-1.17560939778079;-0.05659996323500855;-0.1973986705982308;-19.18570683199067
483;7.690171241760254;-1.17560939778079;-0.05659996323500855;-0.1973986705982308;-19.18570683199067
484;7.704244613647461;-1.17560939778079;-0.05659996323500855;-0.1973986705982308;-19.18570683199067
485;7.718311071395874;-1.17560939778079;-0.05659996323500855;-0.1973986705982308;-19.18570683199067
486;7.732339143753052;-1.17560939778079;-0.05659996323500855;-0.1973986705982308;-19.18570683199067
487;7.746468782424927;-1.17560939778079;-0.05659996323500855;-0.1973986705982308;-19.18570683199067
488;7.760574102401733;-1.17560939778079;-0.05659996323500855;-0.1973986705982308;-19.18570683199067
489;7.774603366851807;-1.17560939778079;-0.05659996323500855;-0.1973986705982308;-19.18570683199067
490;7.788717985153198;-1.17560939778079;-0.05659996323500855;-0.1973986705982308;-19.18570683199067
491;7.802842140197754;-1.17560939778079;-0.05659996323500855;-0.1973986705982308;-19.18570683199067
492;7.816981554031372;-1.17560939778079;-0.05659996323500855;-0.1973986705982308;-19.18570683199067
493;7.8310418128967285;-1.17560939778079;-0.05659996323500855;-0.1973986705982308;-19.18570683199067
494;7.845095157623291;-1.17560939778079;-0.05659996323500855;-0.1973986705982308;-19.18570683199067
495;7.859267711639404;-1.17560939778079;-0.05659996323500855;-0.1973986705982308;-19.18570683199067
496;7.873338222503662;-1.17560939778079;-0.05659996323500855;-0.1973986705982308;-19.18570683199067
497;7.887478590011597;-1.17560939778079;-0.05659996323500855;-0.1973986705982308;-19.18570683199067
498;7.901569843292236;-1.17560939778079;-0.05659996323500855;-0.1973986705982308;-19.18570683199067
499;7.915606260299683;-1.17560939778079;-0.05659996323500855;-0.1973986705982308;-19.18570683199067
500;7.929720640182495;-1.17560939778079;-0.05659996323500855;-0.1973986705982308;-19.18570683199067
501;7.9437949657440186;-1.17560939778079;-0.05659996323500855;-0.1973986705982308;-19.18570683199067
502;7.9579102993011475;-1.17560939778079;-0.05659996323500855;-0.1973986705982308;-19.18570683199067
503;7.979619026184082;-1.17560939778079;-0.05659996323500855;-0.1973986705982308;-19.18570683199067
504;7.993736505508423;-1.17560939778079;-0.05659996323500855;-0.1973986705982308;-19.18570683199067
505;8.00786280632019;-1.17560939778079;-0.05659996323500855;-0.1973986705982308;-19.18570683199067
506;8.02191424369812;-1.17560939778079;-0.05659996323500855;-0.1973986705982308;-19.18570683199067
507;8.035986423492432;-1.17560939778079;-0.05659996323500855;-0.1973986705982308;-19.18570683199067
508;8.050126791000366;-1.17560939778079;-0.05659996323500855;-0.1973986705982308;-19.18570683199067
509;8.064217329025269;-1.17560939778079;-0.05659996323500855;-0.1973986705982308;-19.18570683199067
510;8.078306674957275;-1.17560939778079;-0.05659996323500855;-0.1973986705982308;-19.18570683199067
511;8.092381954193115;-1.17560939778079;-0.05659996323500855;-0.1973986705982308;-19.18570683199067
512;8.106525421142578;-1.17560939778079;-0.05659996323500855;-0.1973986705982308;-19.18570683199067
513;8.12066388130188;-1.17560939778079;-0.05659996323500855;-0.1973986705982308;-19.18570683199067
514;8.134712219238281;-1.17560939778079;-0.05659996323500855;-0.1973986705982308;-19.18570683199067
515;8.14880657196045;-1.17560939778079;-0.05659996323500855;-0.1973986705982308;-19.18570683199067
516;8.162950992584229;-1.17560939778079;-0.05659996323500855;-0.1973986705982308;-19.18570683199067
517;8.17706823348999;-1.17560939778079;-0.05659996323500855;-0.1973986705982308;-19.18570683199067
518;8.191104888916016;-1.17560939778079;-0.05659996323500855;-0.1973986705982308;-19.18570683199067
519;8.2051420211792;-1.17560939778079;-0.05659996323500855;-0.1973986705982308;-19.18570683199067
520;8.219205379486084;-1.17560939778079;-0.05659996323500855;-0.1973986705982308;-19.18570683199067
521;8.23328185081482;-1.17560939778079;-0.05659996323500855;-0.1973986705982308;-19.18570683199067
522;8.247466325759888;-1.17560939778079;-0.05659996323500855;-0.1973986705982308;-19.18570683199067
523;8.261525630950928;-1.17560939778079;-0.05659996323500855;-0.1973986705982308;-19.18570683199067
524;8.275575876235962;-1.17560939778079;-0.05659996323500855;-0.1973986705982308;-19.18570683199067
525;8.28969430923462;-1.17560939778079;-0.05659996323500855;-0.1973986705982308;-19.18570683199067
526;8.30379056930542;-1.17560939778079;-0.05659996323500855;-0.1973986705982308;-19.18570683199067
527;8.322114944458008;-1.17560939778079;-0.05659996323500855;-0.1973986705982308;-19.18570683199067
528;8.340605020523071;-1.17560939778079;-0.05659996323500855;-0.1973986705982308;-19.18570683199067
529;8.359002828598022;-1.17560939778079;-0.05659996323500855;-0.1973986705982308;-19.18570683199067
530;8.377490282058716;-1.17560939778079;-0.05659996323500855;-0.1973986705982308;-19.18570683199067
531;8.395922183990479;-1.17560939778079;-0.05659996323500855;-0.1973986705982308;-19.18570683199067
532;8.414352416992188;-1.17560939778079;-0.05659996323500855;-0.1973986705982308;-19.18570683199067
533;8.432756423950195;-1.17560939778079;-0.05659996323500855;-0.1973986705982308;-19.18570683199067
534;8.451155424118042;-1.17560939778079;-0.05659996323500855;-0.1973986705982308;-19.18570683199067
535;8.469656705856323;-1.17560939778079;-0.05659996323500855;-0.1973986705982308;-19.18570683199067
536;8.488054752349854;-1.17560939778079;-0.05659996323500855;-0.1973986705982308;-19.18570683199067
537;8.506526947021484;-1.17560939778079;-0.05659996323500855;-0.1973986705982308;-19.18570683199067
538;8.52497911453247;-1.17560939778079;-0.05659996323500855;-0.1973986705982308;-19.18570683199067
539;8.543365240097046;-1.17560939778079;-0.05659996323500855;-0.1973986705982308;-19.18570683199067
540;8.561851263046265;-1.17560939778079;-0.05659996323500855;-0.1973986705982308;-19.18570683199067
541;8.580364465713501;-1.17560939778079;-0.05659996323500855;-0.1973986705982308;-19.18570683199067
542;8.598784685134888;-1.17560939778079;-0.05659996323500855;-0.1973986705982308;-19.18570683199067
543;8.617309808731079;-1.17560939778079;-0.05659996323500855;-0.1973986705982308;-19.18570683199067
544;8.635672569274902;-1.17560939778079;-0.05659996323500855;-0.1973986705982308;-19.18570683199067
545;8.654164791107178;-1.17560939778079;-0.05659996323500855;-0.1973986705982308;-19.18570683199067
546;8.672574043273926;-1.17560939778079;-0.05659996323500855;-0.1973986705982308;-19.18570683199067
547;8.691046237945557;-1.17560939778079;-0.05659996323500855;-0.1973986705982308;-19.18570683199067
548;8.709646224975586;-1.17560939778079;-0.05659996323500855;-0.1973986705982308;-19.18570683199067
549;8.728117227554321;-1.17560939778079;-0.05659996323500855;-0.1973986705982308;-19.18570683199067
550;8.74668550491333;-1.17560939778079;-0.05659996323500855;-0.1973986705982308;-19.18570683199067
551;8.77690863609314;-1.17560939778079;-0.05659996323500855;-0.1973986705982308;-19.18570683199067
552;8.795607566833496;-1.17560939778079;-0.05659996323500855;-0.1973986705982308;-19.18570683199067
553;8.81264352798462;-1.17560939778079;-0.05659996323500855;-0.1973986705982308;-19.18570683199067
554;8.82682204246521;-1.17560939778079;-0.05659996323500855;-0.1973986705982308;-19.18570683199067
555;8.840907335281372;-1.17560939778079;-0.05659996323500855;-0.1973986705982308;-19.18570683199067
556;8.854991674423218;-1.17560939778079;-0.05659996323500855;-0.1973986705982308;-19.18570683199067
557;8.869113206863403;-1.17560939778079;-0.05659996323500855;-0.1973986705982308;-19.18570683199067
558;8.883220434188843;-1.17560939778079;-0.05659996323500855;-0.1973986705982308;-19.18570683199067
559;8.89746904373169;-1.17560939778079;-0.05659996323500855;-0.1973986705982308;-19.18570683199067
560;8.911555290222168;-1.17560939778079;-0.05659996323500855;-0.1973986705982308;-19.18570683199067
561;8.925610542297363;-1.17560939778079;-0.05659996323500855;-0.1973986705982308;-19.18570683199067
562;8.939702987670898;-1.17560939778079;-0.05659996323500855;-0.1973986705982308;-19.18570683199067
563;8.953797340393066;-1.17560939778079;-0.05659996323500855;-0.1973986705982308;-19.18570683199067
564;8.967874765396118;-1.17560939778079;-0.05659996323500855;-0.1973986705982308;-19.18570683199067
565;8.981942176818848;-1.17560939778079;-0.05659996323500855;-0.1973986705982308;-19.18570683199067
566;8.996095657348633;-1.17560939778079;-0.05659996323500855;-0.1973986705982308;-19.18570683199067
567;9.012489318847656;-1.17560939778079;-0.05659996323500855;-0.1973986705982308;-19.18570683199067
568;9.02666687965393;-1.17560939778079;-0.05659996323500855;-0.1973986705982308;-19.18570683199067
569;9.040812015533447;-1.17560939778079;-0.05659996323500855;-0.1973986705982308;-19.18570683199067
570;9.05488634109497;-1.17560939778079;-0.05659996323500855;-0.1973986705982308;-19.18570683199067
571;9.069000720977783;-1.17560939778079;-0.05659996323500855;-0.1973986705982308;-19.18570683199067
572;9.083128452301025;-1.17560939778079;-0.05659996323500855;-0.1973986705982308;-19.18570683199067
573;9.097269535064697;-1.17560939778079;-0.05659996323500855;-0.1973986705982308;-19.18570683199067
574;9.111338138580322;-1.17560939778079;-0.05659996323500855;-0.1973986705982308;-19.18570683199067
575;9.125397205352783;-1.17560939778079;-0.05659996323500855;-0.1973986705982308;-19.18570683199067
576;9.139553785324097;-1.17560939778079;-0.05659996323500855;-0.1973986705982308;-19.18570683199067
577;9.15363621711731;-1.17560939778079;-0.05659996323500855;-0.1973986705982308;-19.18570683199067
578;9.176466941833496;-1.17560939778079;-0.05659996323500855;-0.1973986705982308;-19.18570683199067
579;9.190568447113037;-1.17560939778079;-0.05659996323500855;-0.1973986705982308;-19.18570683199067
580;9.204595804214478;-1.17560939778079;-0.05659996323500855;-0.1973986705982308;-19.18570683199067
581;9.218703269958496;-1.17560939778079;-0.05659996323500855;-0.1973986705982308;-19.18570683199067
582;9.232816457748413;-1.17560939778079;-0.05659996323500855;-0.1973986705982308;-19.18570683199067
583;9.24695372581482;-1.17560939778079;-0.05659996323500855;-0.1973986705982308;-19.18570683199067
584;9.261007070541382;-1.17560939778079;-0.05659996323500855;-0.1973986705982308;-19.18570683199067
585;9.275068759918213;-1.17560939778079;-0.05659996323500855;-0.1973986705982308;-19.18570683199067
586;9.289121150970459;-1.17560939778079;-0.05659996323500855;-0.1973986705982308;-19.18570683199067
587;9.30323839187622;-1.17560939778079;-0.05659996323500855;-0.1973986705982308;-19.18570683199067
588;9.317380666732788;-1.17560939778079;-0.05659996323500855;-0.1973986705982308;-19.18570683199067
589;9.331443309783936;-1.17560939778079;-0.05659996323500855;-0.1973986705982308;-19.18570683199067
590;9.345491409301758;-1.17560939778079;-0.05659996323500855;-0.1973986705982308;-19.18570683199067
591;9.359636783599854;-1.17560939778079;-0.05659996323500855;-0.1973986705982308;-19.18570683199067
592;9.373684167861938;-1.17560939778079;-0.05659996323500855;-0.1973986705982308;-19.18570683199067
593;9.387807607650757;-1.17560939778079;-0.05659996323500855;-0.1973986705982308;-19.18570683199067
594;9.401913166046143;-1.17560939778079;-0.05659996323500855;-0.1973986705982308;-19.18570683199067
595;9.415968418121338;-1.17560939778079;-0.05659996323500855;-0.1973986705982308;-19.18570683199067
596;9.430112838745117;-1.17560939778079;-0.05659996323500855;-0.1973986705982308;-19.18570683199067
597;9.44417405128479;-1.17560939778079;-0.05659996323500855;-0.1973986705982308;-19.18570683199067
598;9.458236455917358;-1.17560939778079;-0.05659996323500855;-0.1973986705982308;-19.18570683199067
599;9.472305059432983;-1.17560939778079;-0.05659996323500855;-0.1973986705982308;-19.18570683199067
600;9.486437320709229;-1.17560939778079;-0.05659996323500855;-0.1973986705982308;-19.18570683199067
601;9.50068974494934;-1.17560939778079;-0.05659996323500855;-0.1973986705982308;-19.18570683199067
602;9.514687061309814;-1.17560939778079;-0.05659996323500855;-0.1973986705982308;-19.18570683199067
603;9.532705068588257;-1.17560939778079;-0.05659996323500855;-0.1973986705982308;-19.18570683199067
604;9.55123519897461;-1.17560939778079;-0.05659996323500855;-0.1973986705982308;-19.18570683199067
605;9.569717407226562;-1.17560939778079;-0.05659996323500855;-0.1973986705982308;-19.18570683199067
606;9.588119268417358;-1.17560939778079;-0.05659996323500855;-0.1973986705982308;-19.18570683199067
607;9.606749534606934;-1.17560939778079;-0.05659996323500855;-0.1973986705982308;-19.18570683199067
608;9.625260829925537;-1.17560939778079;-0.05659996323500855;-0.1973986705982308;-19.18570683199067
609;9.643677711486816;-1.17560939778079;-0.05659996323500855;-0.1973986705982308;-19.18570683199067
610;9.66215205192566;-1.17560939778079;-0.05659996323500855;-0.1973986705982308;-19.18570683199067
611;9.680649995803833;-1.17560939778079;-0.05659996323500855;-0.1973986705982308;-19.18570683199067
612;9.698963165283203;-1.17560939778079;-0.05659996323500855;-0.1973986705982308;-19.18570683199067
613;9.717479228973389;-1.17560939778079;-0.05659996323500855;-0.1973986705982308;-19.18570683199067
614;9.73586654663086;-1.17560939778079;-0.05659996323500855;-0.1973986705982308;-19.18570683199067
615;9.754360675811768;-1.17560939778079;-0.05659996323500855;-0.1973986705982308;-19.18570683199067
616;9.772743701934814;-1.17560939778079;-0.05659996323500855;-0.1973986705982308;-19.18570683199067
617;9.791223526000977;-1.17560939778079;-0.05659996323500855;-0.1973986705982308;-19.18570683199067
618;9.80971884727478;-1.17560939778079;-0.05659996323500855;-0.1973986705982308;-19.18570683199067
619;9.828054189682007;-1.17560939778079;-0.05659996323500855;-0.1973986705982308;-19.18570683199067
620;9.846549034118652;-1.17560939778079;-0.05659996323500855;-0.1973986705982308;-19.18570683199067
621;9.865025997161865;-1.17560939778079;-0.05659996323500855;-0.1973986705982308;-19.18570683199067
622;9.883536100387573;-1.17560939778079;-0.05659996323500855;-0.1973986705982308;-19.18570683199067
623;9.90210223197937;-1.17560939778079;-0.05659996323500855;-0.1973986705982308;-19.18570683199067
624;9.92067575454712;-1.17560939778079;-0.05659996323500855;-0.1973986705982308;-19.18570683199067
625;9.93908977508545;-1.17560939778079;-0.05659996323500855;-0.1973986705982308;-19.18570683199067
626;9.95751690864563;-1.17560939778079;-0.05659996323500855;-0.1973986705982308;-19.18570683199067
627;9.986304521560669;-1.17560939778079;-0.05659996323500855;-0.1973986705982308;-19.18570683199067
628;10.004818677902222;-1.17560939778079;-0.05659996323500855;-0.1973986705982308;-19.18570683199067
629;10.021687507629395;-1.17560939778079;-0.05659996323500855;-0.1973986705982308;-19.18570683199067
630;10.035791873931885;-1.17560939778079;-0.05659996323500855;-0.1973986705982308;-19.18570683199067
631;10.04995846748352;-1.17560939778079;-0.05659996323500855;-0.1973986705982308;-19.18570683199067
632;10.064079761505127;-1.17560939778079;-0.05659996323500855;-0.1973986705982308;-19.18570683199067
633;10.07815408706665;-1.17560939778079;-0.05659996323500855;-0.1973986705982308;-19.18570683199067
634;10.092268705368042;-1.17560939778079;-0.05659996323500855;-0.1973986705982308;-19.18570683199067
635;10.106431007385254;-1.17560939778079;-0.05659996323500855;-0.1973986705982308;-19.18570683199067
636;10.120565414428711;-1.17560939778079;-0.05659996323500855;-0.1973986705982308;-19.18570683199067
637;10.134647607803345;-1.17560939778079;-0.05659996323500855;-0.1973986705982308;-19.18570683199067
638;10.148773908615112;-1.17560939778079;-0.05659996323500855;-0.1973986705982308;-19.18570683199067
639;10.162899494171143;-1.17560939778079;-0.05659996323500855;-0.1973986705982308;-19.18570683199067
640;10.177046775817871;-1.17560939778079;-0.05659996323500855;-0.1973986705982308;-19.18570683199067
641;10.191118240356445;-1.17560939778079;-0.05659996323500855;-0.1973986705982308;-19.18570683199067
642;10.20517349243164;-1.17560939778079;-0.05659996323500855;-0.1973986705982308;-19.18570683199067
643;10.219368934631348;-1.17560939778079;-0.05659996323500855;-0.1973986705982308;-19.18570683199067
644;10.233425378799438;-1.17560939778079;-0.05659996323500855;-0.1973986705982308;-19.18570683199067
645;10.247597694396973;-1.17560939778079;-0.05659996323500855;-0.1973986705982308;-19.18570683199067
646;10.26166820526123;-1.17560939778079;-0.05659996323500855;-0.1973986705982308;-19.18570683199067
647;10.275764465332031;-1.17560939778079;-0.05659996323500855;-0.1973986705982308;-19.18570683199067
648;10.289893865585327;-1.17560939778079;-0.05659996323500855;-0.1973986705982308;-19.18570683199067
649;10.30424427986145;-1.17560939778079;-0.05659996323500855;-0.1973986705982308;-19.18570683199067
650;10.318338632583618;-1.17560939778079;-0.05659996323500855;-0.1973986705982308;-19.18570683199067
651;10.332433938980103;-1.17560939778079;-0.05659996323500855;-0.1973986705982308;-19.18570683199067
652;10.346602439880371;-1.17560939778079;-0.05659996323500855;-0.1973986705982308;-19.18570683199067
653;10.363004207611084;-1.17560939778079;-0.05659996323500855;-0.1973986705982308;-19.18570683199067
654;10.385305881500244;-1.17560939778079;-0.05659996323500855;-0.1973986705982308;-19.18570683199067
655;10.399450540542603;-1.17560939778079;-0.05659996323500855;-0.1973986705982308;-19.18570683199067
656;10.413521766662598;-1.17560939778079;-0.05659996323500855;-0.1973986705982308;-19.18570683199067
657;10.42766809463501;-1.17560939778079;-0.05659996323500855;-0.1973986705982308;-19.18570683199067
658;10.441682577133179;-1.17560939778079;-0.05659996323500855;-0.1973986705982308;-19.18570683199067
659;10.455758810043335;-1.17560939778079;-0.05659996323500855;-0.1973986705982308;-19.18570683199067
660;10.469886302947998;-1.17560939778079;-0.05659996323500855;-0.1973986705982308;-19.18570683199067
661;10.48398470878601;-1.17560939778079;-0.05659996323500855;-0.1973986705982308;-19.18570683199067
662;10.498065948486328;-1.17560939778079;-0.05659996323500855;-0.1973986705982308;-19.18570683199067
663;10.512141466140747;-1.17560939778079;-0.05659996323500855;-0.1973986705982308;-19.18570683199067
664;10.526268720626831;-1.17560939778079;-0.05659996323500855;-0.1973986705982308;-19.18570683199067
665;10.540390253067017;-1.17560939778079;-0.05659996323500855;-0.1973986705982308;-19.18570683199067
666;10.554447412490845;-1.17560939778079;-0.05659996323500855;-0.1973986705982308;-19.18570683199067
667;10.568516969680786;-1.17560939778079;-0.05659996323500855;-0.1973986705982308;-19.18570683199067
668;10.582596063613892;-1.17560939778079;-0.05659996323500855;-0.1973986705982308;-19.18570683199067
669;10.596709728240967;-1.17560939778079;-0.05659996323500855;-0.1973986705982308;-19.18570683199067
670;10.610832929611206;-1.17560939778079;-0.05659996323500855;-0.1973986705982308;-19.18570683199067
671;10.624897241592407;-1.17560939778079;-0.05659996323500855;-0.1973986705982308;-19.18570683199067
672;10.638970613479614;-1.17560939778079;-0.05659996323500855;-0.1973986705982308;-19.18570683199067
673;10.653123140335083;-1.17560939778079;-0.05659996323500855;-0.1973986705982308;-19.18570683199067
674;10.667261600494385;-1.17560939778079;-0.05659996323500855;-0.1973986705982308;-19.18570683199067
675;10.681325912475586;-1.17560939778079;-0.05659996323500855;-0.1973986705982308;-19.18570683199067
676;10.695322275161743;-1.17560939778079;-0.05659996323500855;-0.1973986705982308;-19.18570683199067
677;10.709483623504639;-1.17560939778079;-0.05659996323500855;-0.1973986705982308;-19.18570683199067
678;10.725948572158813;-1.17560939778079;-0.05659996323500855;-0.1973986705982308;-19.18570683199067
679;10.744455575942993;-1.17560939778079;-0.05659996323500855;-0.1973986705982308;-19.18570683199067
680;10.762853622436523;-1.17560939778079;-0.05659996323500855;-0.1973986705982308;-19.18570683199067
681;10.781332731246948;-1.17560939778079;-0.05659996323500855;-0.1973986705982308;-19.18570683199067
682;10.799813985824585;-1.17560939778079;-0.05659996323500855;-0.1973986705982308;-19.18570683199067
683;10.818248987197876;-1.17560939778079;-0.05659996323500855;-0.1973986705982308;-19.18570683199067
684;10.836795091629028;-1.17560939778079;-0.05659996323500855;-0.1973986705982308;-19.18570683199067
685;10.85528016090393;-1.17560939778079;-0.05659996323500855;-0.1973986705982308;-19.18570683199067
686;10.873680353164673;-1.17560939778079;-0.05659996323500855;-0.1973986705982308;-19.18570683199067
687;10.892164468765259;-1.17560939778079;-0.05659996323500855;-0.1973986705982308;-19.18570683199067
688;10.910699605941772;-1.17560939778079;-0.05659996323500855;-0.1973986705982308;-19.18570683199067
689;10.929032802581787;-1.17560939778079;-0.05659996323500855;-0.1973986705982308;-19.18570683199067
690;10.94748568534851;-1.17560939778079;-0.05659996323500855;-0.1973986705982308;-19.18570683199067
691;10.965930700302124;-1.17560939778079;-0.05659996323500855;-0.1973986705982308;-19.18570683199067
692;10.984446048736572;-1.17560939778079;-0.05659996323500855;-0.1973986705982308;-19.18570683199067
